march28,1064, 690304, 6,
march28,1181, 710302, 1,
march28,1181, 690204, 1,
march28,1181, 690306, 1,
march28,1181, 690107, 1,
march28,1181, 690206, 2,
march28,1181, 690109, 1,
march28,1289, 690304, 1,
march28,1289, 690105, 1,
march28,1289, 690206, 1,
march28,1290, 350701, 1,
march28,1290, 690204, 5,
march28,1290, 690306, 1,
march28,1293, 710302, 1,
march28,1293, 690202, 1,
march28,1293, 690304, 1,
march28,1293, 690204, 1,
march28,1293, 690107, 1,
march28,1293, 690109, 1,
march28,1299, 690202, 1,
march28,1299, 690208, 1,
march28,1781, 690204, 1,
march28,1783, 710302, 2,
march28,1783, 690202, 1,
march28,1783, 690107, 1,
march28,1783, 690206, 5,
march28,1783, 690109, 2,
march28,1791, 350701, 1,
march28,1791, 690107, 1,
march28,1793, 690202, 1,
march28,1793, 690105, 1,
march28,1793, 690204, 1,
march28,1793, 690206, 1,
march28,1795, 690306, 1,
march28,1795, 690107, 1,
march28,1795, 690206, 1,
march28,1992, 690304, 3,
march28,2148, 350701, 1,
march28,2186, 690206, 1,
march28,2186, 690208, 1,
march28,2191, 690304, 1,
march28,2191, 690206, 1,
march28,2415, 690304, 4,
march28,2480, 350701, 1,
march28,2480, 710302, 1,
march28,2480, 690202, 1,
march28,2480, 690204, 7,
march28,2630, 690105, 1,
march28,2630, 690204, 1,
march28,2630, 690206, 1,
march28,2637, 710302, 2,
march28,2637, 690202, 1,
march28,2637, 690304, 13,
march28,2637, 690107, 1,
march28,2655, 710302, 2,
march28,2655, 690107, 3,
march28,2655, 690308, 1,
march28,2666, 690304, 2,
march28,2666, 690105, 4,
march28,2666, 690204, 3,
march28,2666, 690306, 3,
march28,2666, 690107, 1,
march28,2666, 690109, 1,
march28,2666, 690208, 1,
march28,2668, 690107, 1,
march28,2704, 710302, 2,
march28,2704, 690304, 12,
march28,2704, 690105, 10,
march28,2704, 690204, 5,
march28,2704, 690306, 11,
march28,2704, 690107, 9,
march28,2704, 690206, 7,
march28,2704, 690308, 9,
march28,2704, 690109, 7,
march28,2704, 690208, 7,
march28,2802, 350701, 1,
march28,2802, 690202, 2,
march28,2802, 690304, 1,
march28,2802, 690105, 5,
march28,2802, 690204, 2,
march28,2802, 690306, 9,
march28,2802, 690107, 5,
march28,2802, 690206, 3,
march28,2802, 690308, 7,
march28,2802, 690109, 1,
march28,2802, 690208, 2,
march29,1081, 690105, 1,
march29,1083, 690306, 2,
march29,1181, 690306, 3,
march29,1181, 690109, 1,
march29,1289, 690304, 1,
march29,1289, 690306, 1,
march29,1289, 690107, 1,
march29,1289, 690308, 2,
march29,1290, 690109, 1,
march29,1293, 710302, 1,
march29,1293, 690304, 1,
march29,1293, 690105, 1,
march29,1293, 690204, 1,
march29,1293, 690107, 1,
march29,1293, 690206, 1,
march29,1293, 690308, 1,
march29,1293, 690109, 4,
march29,1297, 690202, 1,
march29,1297, 690105, 1,
march29,1299, 690204, 1,
march29,1299, 690208, 2,
march29,1302, 690304, 2,
march29,1302, 690306, 2,
march29,1781, 690202, 1,
march29,1781, 690306, 1,
march29,1781, 690109, 1,
march29,1783, 690304, 2,
march29,1783, 690107, 1,
march29,1783, 690308, 2,
march29,1783, 690109, 1,
march29,1791, 690107, 3,
march29,1793, 690206, 2,
march29,1793, 690109, 1,
march29,1795, 690304, 1,
march29,1795, 690204, 1,
march29,1795, 690306, 1,
march29,1795, 690308, 1,
march29,1797, 690105, 1,
march29,1797, 690204, 1,
march29,1797, 690308, 1,
march29,1797, 690109, 1,
march29,1800, 690206, 1,
march29,2148, 350701, 1,
march29,2148, 690306, 1,
march29,2148, 690206, 2,
march29,2148, 690308, 2,
march29,2186, 690204, 1,
march29,2186, 690308, 1,
march29,2186, 690109, 2,
march29,2224, 690304, 1,
march29,2480, 350701, 1,
march29,2480, 690105, 2,
march29,2480, 690107, 2,
march29,2480, 690206, 1,
march29,2630, 690308, 1,
march29,2637, 710302, 2,
march29,2637, 690202, 2,
march29,2637, 690304, 1,
march29,2642, 690308, 1,
march29,2655, 690304, 1,
march29,2666, 690105, 1,
march29,2666, 690204, 4,
march29,2666, 690206, 1,
march29,2666, 690308, 1,
march29,2666, 690109, 3,
march29,2668, 690109, 1,
march29,2704, 710302, 3,
march29,2704, 690304, 5,
march29,2704, 690105, 6,
march29,2704, 690204, 8,
march29,2704, 690306, 18,
march29,2704, 690107, 14,
march29,2704, 690206, 18,
march29,2704, 690308, 5,
march29,2704, 690109, 19,
march29,2737, 690202, 1,
march29,2802, 710302, 2,
march29,2802, 690304, 5,
march29,2802, 690105, 3,
march29,2802, 690204, 1,
march29,2802, 690306, 3,
march29,2802, 690107, 5,
march29,2802, 690206, 3,
march29,2802, 690308, 29,
march29,2802, 690109, 5,
march29,2802, 690208, 4,
march30,1001, 710302, 1,
march30,1083, 690107, 1,
march30,1181, 690304, 1,
march30,1181, 690105, 2,
march30,1181, 690107, 1,
march30,1289, 690202, 2,
march30,1289, 690306, 1,
march30,1289, 690206, 1,
march30,1289, 690308, 1,
march30,1290, 690306, 2,
march30,1290, 690308, 1,
march30,1293, 710302, 1,
march30,1293, 690306, 1,
march30,1293, 690107, 1,
march30,1293, 690206, 1,
march30,1299, 690107, 1,
march30,1299, 690308, 1,
march30,1781, 710302, 1,
march30,1781, 690304, 1,
march30,1781, 690202, 1,
march30,1781, 690308, 1,
march30,1781, 690208, 1,
march30,1783, 710302, 1,
march30,1783, 690304, 3,
march30,1783, 690105, 1,
march30,1783, 690202, 1,
march30,1783, 690306, 1,
march30,1783, 690206, 1,
march30,1783, 690308, 2,
march30,1793, 690306, 2,
march30,1793, 690107, 1,
march30,1795, 690304, 1,
march30,1795, 690202, 2,
march30,1795, 690306, 1,
march30,1795, 690206, 1,
march30,1795, 690308, 1,
march30,1797, 710302, 1,
march30,1797, 690202, 1,
march30,1797, 690206, 3,
march30,1800, 690202, 1,
march30,1800, 690306, 2,
march30,2148, 350701, 1,
march30,2148, 690308, 1,
march30,2186, 690105, 1,
march30,2480, 350701, 1,
march30,2480, 690304, 5,
march30,2480, 690306, 4,
march30,2480, 690107, 1,
march30,2630, 350701, 1,
march30,2630, 710302, 1,
march30,2630, 690107, 1,
march30,2637, 710302, 1,
march30,2637, 690202, 1,
march30,2637, 690304, 1,
march30,2637, 690105, 1,
march30,2637, 690206, 1,
march30,2642, 690105, 1,
march30,2666, 690304, 1,
march30,2666, 690306, 4,
march30,2666, 690107, 4,
march30,2666, 690206, 1,
march30,2666, 690308, 2,
march30,2666, 690208, 3,
march30,2704, 710302, 3,
march30,2704, 690202, 15,
march30,2704, 690304, 7,
march30,2704, 690105, 3,
march30,2704, 690306, 15,
march30,2704, 690107, 8,
march30,2704, 690206, 8,
march30,2704, 690308, 5,
march30,2704, 690208, 5,
march30,2802, 710302, 1,
march30,2802, 690202, 2,
march30,2802, 690304, 4,
march30,2802, 690105, 1,
march30,2802, 690306, 1,
march30,2802, 690107, 2,
march30,2802, 690206, 6,
march30,2802, 690308, 7,
march31,1081, 350701, 1,
march31,1081, 690105, 1,
march31,1083, 690306, 1,
march31,1181, 690202, 1,
march31,1289, 690304, 1,
march31,1289, 690306, 2,
march31,1289, 690206, 1,
march31,1289, 690308, 1,
march31,1290, 690202, 2,
march31,1290, 690105, 2,
march31,1293, , 3,
march31,1293, 690202, 1,
march31,1293, 690105, 1,
march31,1293, 690308, 1,
march31,1297, 690202, 1,
march31,1299, 690306, 1,
march31,1299, 690107, 1,
march31,1781, 710302, 1,
march31,1781, 690304, 1,
march31,1781, 690306, 1,
march31,1783, 710302, 1,
march31,1783, 690304, 2,
march31,1783, 690107, 6,
march31,1793, 690206, 2,
march31,1793, 690308, 1,
march31,1795, 690206, 1,
march31,1795, 690308, 1,
march31,1797, 690202, 2,
march31,1800, 690105, 1,
march31,1800, 690306, 1,
march31,1994, 690306, 1,
march31,2148, 350701, 2,
march31,2148, 690306, 1,
march31,2186, 690202, 2,
march31,2480, 690105, 2,
march31,2480, 690306, 1,
march31,2480, 690206, 1,
march31,2630, 690304, 3,
march31,2630, 690105, 1,
march31,2637, 690202, 1,
march31,2637, 690105, 3,
march31,2637, 690107, 2,
march31,2666, 710302, 1,
march31,2666, 690105, 3,
march31,2666, 690306, 2,
march31,2666, 690206, 1,
march31,2668, 690107, 1,
march31,2668, 690206, 1,
march31,2704, 710302, 4,
march31,2704, 690202, 2,
march31,2704, 690304, 4,
march31,2704, 690105, 10,
march31,2704, 690204, 6,
march31,2704, 690306, 6,
march31,2704, 690206, 13,
march31,2704, 690308, 7,
march31,2802, 350701, 2,
march31,2802, 690202, 1,
march31,2802, 690304, 1,
march31,2802, 690105, 1,
march31,2802, 690204, 4,
march31,2802, 690306, 6,
march31,2802, 690107, 6,
march31,2802, 690206, 7,
march31,2802, 690308, 5,
april1,1001, , 1,
april1,1064, , 2,
april1,1081, 690105, 1,
april1,1081, 690109, 2,
april1,1083, 690202, 1,
april1,1083, 690105, 3,
april1,1181, , 1,
april1,1181, 690109, 1,
april1,1289, 690304, 1,
april1,1289, 690306, 1,
april1,1289, 690308, 3,
april1,1290, 710302, 2,
april1,1290, 690109, 1,
april1,1293, 350701, 1,
april1,1293, 710302, 1,
april1,1293, 690105, 1,
april1,1293, 690308, 1,
april1,1293, 690109, 1,
april1,1297, 690107, 1,
april1,1297, , 1,
april1,1302, 690204, 1,
april1,1302, , 3,
april1,1781, 710302, 1,
april1,1781, 690202, 1,
april1,1781, 690105, 2,
april1,1781, 690204, 1,
april1,1783, 350701, 1,
april1,1783, 710302, 2,
april1,1783, 690304, 3,
april1,1783, 690105, 1,
april1,1783, 690306, 4,
april1,1783, 690308, 4,
april1,1783, 690109, 3,
april1,1783, , 1,
april1,1791, 350701, 1,
april1,1791, 690304, 2,
april1,1793, 690105, 1,
april1,1793, 690204, 1,
april1,1793, 690107, 2,
april1,1793, 690109, 2,
april1,1795, 690107, 2,
april1,1800, 690304, 1,
april1,1800, 690308, 2,
april1,2148, 350701, 1,
april1,2148, 690105, 2,
april1,2148, 690308, 1,
april1,2186, 690105, 2,
april1,2186, 690204, 2,
april1,2224, 690202, 3,
april1,2480, 690304, 1,
april1,2480, 690105, 1,
april1,2622, 690204, 1,
april1,2622, , 1,
april1,2630, 690304, 1,
april1,2637, 710302, 1,
april1,2637, 690202, 3,
april1,2637, 690304, 7,
april1,2637, 690105, 9,
april1,2637, 690204, 4,
april1,2637, 690107, 2,
april1,2637, 690308, 1,
april1,2637, , 2,
april1,2655, 690304, 3,
april1,2666, 690202, 3,
april1,2666, 690304, 2,
april1,2666, 690105, 1,
april1,2666, 690306, 1,
april1,2666, 690308, 1,
april1,2668, 690107, 16,
april1,2668, 690109, 3,
april1,2704, 710302, 5,
april1,2704, 690202, 4,
april1,2704, 690304, 3,
april1,2704, 690105, 6,
april1,2704, 690204, 9,
april1,2704, 690306, 12,
april1,2704, 690308, 9,
april1,2704, 690109, 13,
april1,2704, , 6,
april1,2737, 690204, 1,
april1,2802, 350701, 1,
april1,2802, 710302, 1,
april1,2802, 690202, 2,
april1,2802, 690304, 3,
april1,2802, 690105, 6,
april1,2802, 690204, 1,
april1,2802, 690306, 5,
april1,2802, , 9,
april1,2802, 690308, 3,
april1,2802, 690109, 7,
april4,1001, 690107, 1,
april4,1081, 350701, 1,
april4,1083, 710302, 3,
april4,1083, 690204, 1,
april4,1181, 710302, 1,
april4,1181, 690105, 3,
april4,1181, 690204, 3,
april4,1181, 690107, 2,
april4,1181, 690109, 1,
april4,1289, 690202, 1,
april4,1289, 690204, 1,
april4,1290, 350701, 1,
april4,1290, 710302, 2,
april4,1290, 690202, 1,
april4,1290, 690109, 1,
april4,1293, 690202, 1,
april4,1293, 690105, 3,
april4,1293, 690109, 3,
april4,1293, , 4,
april4,1297, 690105, 1,
april4,1297, 690107, 1,
april4,1299, 690208, 1,
april4,1781, 690204, 1,
april4,1781, 690206, 2,
april4,1781, 690109, 2,
april4,1783, 710302, 1,
april4,1783, 690105, 1,
april4,1783, 690206, 3,
april4,1783, 690109, 1,
april4,1783, 690208, 1,
april4,1793, 690208, 1,
april4,1795, 710302, 1,
april4,1795, 690105, 1,
april4,1795, 690208, 3,
april4,1797, 690109, 1,
april4,1800, 710302, 1,
april4,2148, 350701, 1,
april4,2148, 690105, 1,
april4,2148, 690109, 2,
april4,2186, 690206, 1,
april4,2186, 690109, 3,
april4,2224, 690204, 1,
april4,2224, 690107, 1,
april4,2480, 710302, 2,
april4,2480, 690105, 3,
april4,2480, 690204, 1,
april4,2480, 690107, 2,
april4,2637, 710302, 2,
april4,2637, 690202, 2,
april4,2637, 690105, 1,
april4,2637, 690204, 2,
april4,2655, 690107, 1,
april4,2655, 690109, 1,
april4,2655, 690208, 1,
april4,2666, 710302, 1,
april4,2666, 690204, 2,
april4,2666, 690206, 1,
april4,2666, 690109, 3,
april4,2666, 690208, 2,
april4,2704, 710302, 4,
april4,2704, 690202, 6,
april4,2704, 690105, 4,
april4,2704, 690204, 2,
april4,2704, 690107, 12,
april4,2704, 690206, 9,
april4,2704, 690109, 18,
april4,2704, 690208, 4,
april4,2802, 350701, 1,
april4,2802, 710302, 4,
april4,2802, 690202, 2,
april4,2802, 690105, 2,
april4,2802, 690204, 3,
april4,2802, 690107, 7,
april4,2802, 690206, 7,
april4,2802, 690109, 1,
april5,1081, 350701, 1,
april5,1081, 690304, 3,
april5,1081, 690105, 1,
april5,1083, 690105, 1,
april5,1083, 690306, 2,
april5,1083, 690107, 2,
april5,1181, 710302, 1,
april5,1289, 690304, 1,
april5,1289, 690306, 1,
april5,1289, 690308, 2,
april5,1290, 690306, 1,
april5,1293, 690105, 2,
april5,1293, 690306, 1,
april5,1293, 690107, 4,
april5,1293, 690308, 3,
april5,1297, 690306, 1,
april5,1781, 690109, 2,
april5,1783, 690304, 2,
april5,1783, 690105, 1,
april5,1783, 690306, 2,
april5,1783, 690308, 1,
april5,1783, 690109, 6,
april5,1791, 690107, 1,
april5,1793, 690308, 1,
april5,1795, 690304, 2,
april5,1795, 690306, 1,
april5,1797, 690306, 1,
april5,1797, 690308, 1,
april5,1800, 690105, 1,
april5,1800, 690306, 1,
april5,1800, 690308, 1,
april5,2148, 350701, 1,
april5,2148, 690308, 1,
april5,2480, 350701, 1,
april5,2480, 690304, 3,
april5,2480, 690105, 4,
april5,2480, 690306, 1,
april5,2622, 690107, 2,
april5,2630, 690107, 1,
april5,2637, 710302, 3,
april5,2637, 690304, 4,
april5,2637, 690105, 6,
april5,2637, 690306, 2,
april5,2655, 690105, 2,
april5,2655, 690109, 1,
april5,2666, 690304, 2,
april5,2666, 690306, 1,
april5,2666, 690107, 3,
april5,2666, 690308, 1,
april5,2666, 690109, 1,
april5,2668, 690308, 1,
april5,2668, 690109, 1,
april5,2704, 710302, 5,
april5,2704, 690304, 3,
april5,2704, 690105, 7,
april5,2704, 690306, 12,
april5,2704, 690107, 14,
april5,2704, 690308, 14,
april5,2704, 690109, 14,
april5,2802, 710302, 1,
april5,2802, 690304, 2,
april5,2802, 690105, 1,
april5,2802, 690306, 1,
april5,2802, 690107, 6,
april5,2802, 690308, 5,
april5,2802, 690109, 9,
april6,1081, 350701, 1,
april6,1083, 690107, 1,
april6,1181, 690304, 1,
april6,1181, 690105, 1,
april6,1181, 690107, 1,
april6,1289, 690109, 1,
april6,1289, 690208, 2,
april6,1290, 690204, 1,
april6,1290, 690306, 1,
april6,1290, 690308, 4,
april6,1293, 690202, 1,
april6,1293, 690304, 1,
april6,1293, 690105, 3,
april6,1293, 690109, 1,
april6,1297, 690107, 1,
april6,1299, 690204, 1,
april6,1301, , 6,
april6,1302, 690202, 1,
april6,1302, , 10,
april6,1781, , 2,
april6,1781, 690109, 1,
april6,1783, 350701, 1,
april6,1783, 690204, 1,
april6,1783, 690107, 2,
april6,1783, , 2,
april6,1783, 690109, 2,
april6,1783, 690208, 1,
april6,1791, 690105, 1,
april6,1791, 690208, 1,
april6,1793, 690202, 1,
april6,1793, 690204, 1,
april6,1795, 690202, 1,
april6,1795, 690304, 2,
april6,1795, 690204, 1,
april6,1795, 690107, 2,
april6,1795, 690109, 1,
april6,1797, 690107, 1,
april6,1797, 690308, 1,
april6,1800, , 3,
april6,2148, 350701, 1,
april6,2148, 690204, 1,
april6,2148, 690308, 1,
april6,2148, , 36,
april6,2186, 690105, 1,
april6,2186, 690109, 1,
april6,2480, 350701, 1,
april6,2480, 690304, 2,
april6,2480, 690204, 1,
april6,2480, 690308, 1,
april6,2480, 690109, 1,
april6,2480, 690208, 1,
april6,2637, 690304, 1,
april6,2637, 690105, 5,
april6,2637, 690107, 2,
april6,2655, 690304, 1,
april6,2655, 690105, 1,
april6,2655, 690306, 1,
april6,2655, 690109, 1,
april6,2666, 690204, 5,
april6,2666, 690306, 2,
april6,2666, 690308, 2,
april6,2666, , 1,
april6,2666, 690109, 2,
april6,2666, 690208, 3,
april6,2668, 690304, 1,
april6,2704, 690202, 5,
april6,2704, 690304, 8,
april6,2704, 690105, 6,
april6,2704, 690204, 6,
april6,2704, 690306, 2,
april6,2704, 690107, 9,
april6,2704, 690206, 9,
april6,2704, 690308, 17,
april6,2704, , 4,
april6,2704, 690109, 13,
april6,2704, 690208, 9,
april6,2737, 690306, 2,
april6,2802, 350701, 2,
april6,2802, 690202, 5,
april6,2802, 690105, 1,
april6,2802, 690204, 4,
april6,2802, 690306, 2,
april6,2802, 690107, 3,
april6,2802, 690206, 2,
april6,2802, 690308, 3,
april6,2802, 690109, 8,
april6,2802, , 1,
april7,1001, 690306, 1,
april7,1064, 690107, 1,
april7,1081, 690304, 2,
april7,1081, 690107, 1,
april7,1081, 690308, 1,
april7,1083, 690105, 1,
april7,1181, 690206, 1,
april7,1289, 690304, 1,
april7,1289, 690306, 1,
april7,1289, 690109, 2,
april7,1290, 690202, 1,
april7,1290, 690308, 2,
april7,1293, 710302, 1,
april7,1293, 690204, 1,
april7,1293, 690308, 1,
april7,1293, 690109, 1,
april7,1293, 690208, 1,
april7,1297, 690306, 1,
april7,1299, 690107, 1,
april7,1302, 690306, 4,
april7,1781, 690107, 1,
april7,1783, 710302, 1,
april7,1783, 690204, 1,
april7,1783, 690306, 2,
april7,1783, 690206, 2,
april7,1783, 690109, 1,
april7,1791, 690204, 1,
april7,1793, 690105, 1,
april7,1793, 690204, 1,
april7,1793, 690107, 2,
april7,1793, 690109, 1,
april7,1795, 710302, 1,
april7,1795, 690202, 1,
april7,1795, 690304, 1,
april7,1795, 690204, 1,
april7,1795, 690306, 1,
april7,1795, 690208, 1,
april7,2148, 350701, 2,
april7,2148, 690107, 1,
april7,2148, 690308, 4,
april7,2148, 690109, 2,
april7,2186, 690304, 1,
april7,2186, 690105, 1,
april7,2186, 690107, 1,
april7,2224, 690304, 1,
april7,2415, 690202, 1,
april7,2480, 690304, 2,
april7,2480, 690105, 2,
april7,2480, 690204, 6,
april7,2480, 690306, 1,
april7,2480, 690308, 2,
april7,2630, 350701, 1,
april7,2630, 690308, 1,
april7,2637, 710302, 2,
april7,2637, 690202, 1,
april7,2637, 690304, 1,
april7,2637, 690105, 3,
april7,2637, 690204, 1,
april7,2637, 690306, 1,
april7,2637, 690206, 1,
april7,2642, 690105, 2,
april7,2655, 710302, 1,
april7,2666, 710302, 1,
april7,2666, 690202, 1,
april7,2666, 690304, 1,
april7,2666, 690204, 1,
april7,2666, 690107, 2,
april7,2666, 690206, 1,
april7,2666, 690308, 1,
april7,2666, 690109, 1,
april7,2666, 690208, 3,
april7,2668, 690105, 1,
april7,2668, 690204, 1,
april7,2668, 690208, 2,
april7,2704, 710302, 6,
april7,2704, 690202, 8,
april7,2704, 690304, 4,
april7,2704, 690105, 10,
april7,2704, 690204, 5,
april7,2704, 690306, 3,
april7,2704, 690107, 13,
april7,2704, 690206, 7,
april7,2704, 690308, 11,
april7,2704, 690109, 11,
april7,2704, 690208, 6,
april7,2802, 350701, 1,
april7,2802, 710302, 1,
april7,2802, 690202, 1,
april7,2802, 690304, 1,
april7,2802, 690105, 6,
april7,2802, 690204, 2,
april7,2802, 690306, 2,
april7,2802, 690107, 5,
april7,2802, 690206, 5,
april7,2802, 690308, 2,
april7,2802, 690109, 3,
april8,1081, 690202, 1,
april8,1081, 690105, 1,
april8,1083, 690105, 1,
april8,1083, 690107, 2,
april8,1181, 690204, 1,
april8,1181, 690306, 1,
april8,1181, 690107, 1,
april8,1181, 690109, 1,
april8,1289, 690304, 1,
april8,1289, 690306, 1,
april8,1289, 690308, 2,
april8,1290, 690206, 1,
april8,1290, 690308, 1,
april8,1290, 690109, 1,
april8,1293, 350701, 1,
april8,1293, 690304, 1,
april8,1293, 690105, 1,
april8,1293, 690107, 1,
april8,1293, 690109, 1,
april8,1299, 690208, 1,
april8,1302, 690204, 1,
april8,1302, 690306, 2,
april8,1781, 690304, 1,
april8,1781, 690105, 1,
april8,1783, 690202, 1,
april8,1783, 690105, 1,
april8,1783, 690107, 2,
april8,1783, 690206, 2,
april8,1783, 690109, 5,
april8,1791, 690107, 1,
april8,1793, 690204, 1,
april8,1793, 690306, 1,
april8,1793, 690109, 2,
april8,1793, 690208, 11,
april8,1795, 690306, 2,
april8,1795, 690206, 1,
april8,1797, 690105, 1,
april8,2148, 350701, 1,
april8,2148, 690208, 1,
april8,2186, 690105, 2,
april8,2186, 690204, 2,
april8,2191, 690304, 1,
april8,2224, 690306, 2,
april8,2480, 690105, 3,
april8,2480, 690306, 1,
april8,2480, 690107, 4,
april8,2480, 690206, 1,
april8,2480, 690308, 1,
april8,2637, 690202, 8,
april8,2637, 690304, 1,
april8,2637, 690105, 2,
april8,2637, 690206, 1,
april8,2637, 690109, 3,
april8,2655, 690202, 1,
april8,2655, 690107, 3,
april8,2655, 690308, 1,
april8,2655, 690208, 1,
april8,2666, 690304, 2,
april8,2666, 690306, 3,
april8,2666, 690308, 3,
april8,2666, 690109, 1,
april8,2668, 690204, 1,
april8,2668, 690107, 1,
april8,2704, 690202, 4,
april8,2704, 690304, 8,
april8,2704, 690105, 9,
april8,2704, 690306, 13,
april8,2704, 690107, 13,
april8,2704, 690206, 5,
april8,2704, 690308, 11,
april8,2704, 690109, 18,
april8,2802, 350701, 3,
april8,2802, 690304, 1,
april8,2802, 690105, 1,
april8,2802, 690306, 2,
april8,2802, 690107, 6,
april8,2802, 690206, 2,
april8,2802, 690308, 6,
april8,2802, 690109, 3,
april8,2802, 690208, 4,
april11,1001, 690202, 1,
april11,1001, 690306, 1,
april11,1083, 690105, 1,
april11,1083, 690206, 1,
april11,1181, 690306, 1,
april11,1181, 690107, 2,
april11,1181, 690206, 2,
april11,1181, 690109, 1,
april11,1289, 690304, 1,
april11,1289, 690306, 1,
april11,1290, 690202, 2,
april11,1293, 710302, 2,
april11,1293, 690306, 1,
april11,1293, 690308, 1,
april11,1293, 690109, 1,
april11,1302, 690206, 1,
april11,1783, 350701, 2,
april11,1783, 710302, 1,
april11,1783, 690204, 1,
april11,1783, 690109, 2,
april11,1783, 690208, 3,
april11,1791, 690304, 1,
april11,1791, 690107, 2,
april11,1793, 690308, 1,
april11,1795, 710302, 1,
april11,1795, 690107, 1,
april11,1795, 690206, 1,
april11,1797, 690204, 1,
april11,1800, 690308, 1,
april11,2148, 350701, 1,
april11,2186, 350701, 1,
april11,2191, 690206, 1,
april11,2224, 690206, 1,
april11,2480, 350701, 1,
april11,2480, 710302, 1,
april11,2480, 690304, 1,
april11,2480, 690204, 1,
april11,2480, 690206, 1,
april11,2630, 350701, 1,
april11,2637, 710302, 1,
april11,2637, 690202, 1,
april11,2637, 690304, 2,
april11,2637, 690107, 3,
april11,2642, 690306, 2,
april11,2642, 690308, 1,
april11,2655, 690202, 1,
april11,2655, 690107, 1,
april11,2666, 690304, 1,
april11,2666, 690105, 1,
april11,2666, 690204, 1,
april11,2666, 690306, 3,
april11,2666, 690107, 1,
april11,2666, 690206, 1,
april11,2666, 690109, 2,
april11,2666, 690208, 1,
april11,2668, 690202, 1,
april11,2668, 690306, 2,
april11,2704, 710302, 4,
april11,2704, 690202, 5,
april11,2704, 690304, 6,
april11,2704, 690105, 2,
april11,2704, 690204, 6,
april11,2704, 690306, 10,
april11,2704, 690107, 6,
april11,2704, 690206, 10,
april11,2704, 690308, 7,
april11,2704, 690109, 7,
april11,2704, 690208, 7,
april11,2802, 350701, 1,
april11,2802, 710302, 1,
april11,2802, 690202, 2,
april11,2802, 690304, 2,
april11,2802, 690105, 1,
april11,2802, 690204, 1,
april11,2802, 690306, 2,
april11,2802, 690107, 3,
april11,2802, 690206, 6,
april11,2802, 690308, 3,
april11,2802, 690109, 3,
april12,1001, 690202, 1,
april12,1081, 690202, 1,
april12,1083, 710302, 1,
april12,1083, 690308, 1,
april12,1181, 690304, 1,
april12,1181, 690105, 1,
april12,1181, 690308, 1,
april12,1289, 690304, 2,
april12,1289, 690105, 1,
april12,1289, 690204, 1,
april12,1289, 690306, 1,
april12,1289, 690109, 2,
april12,1290, 690202, 1,
april12,1290, 690206, 1,
april12,1290, 690308, 2,
april12,1290, 690109, 2,
april12,1293, 690202, 2,
april12,1293, 690304, 1,
april12,1293, 690107, 1,
april12,1293, 690206, 1,
april12,1293, 690308, 6,
april12,1297, 690202, 1,
april12,1301, 690206, 3,
april12,1302, 690202, 1,
april12,1781, 690107, 2,
april12,1783, 690204, 2,
april12,1783, 690109, 1,
april12,1783, 690208, 2,
april12,1791, 690107, 2,
april12,1791, 690206, 1,
april12,1793, 690105, 1,
april12,1793, 690306, 1,
april12,1793, 690206, 1,
april12,1793, 690308, 1,
april12,1795, 690304, 1,
april12,1795, 690204, 2,
april12,1795, 690306, 1,
april12,1795, 690107, 3,
april12,1795, 690109, 1,
april12,1797, 690107, 1,
april12,1797, 690208, 1,
april12,2148, 350701, 2,
april12,2148, 690308, 1,
april12,2148, 690109, 2,
april12,2148, , 39,
april12,2186, 710302, 2,
april12,2186, 690304, 1,
april12,2186, 690204, 1,
april12,2186, 690107, 2,
april12,2480, 350701, 1,
april12,2480, 690202, 4,
april12,2480, 690304, 4,
april12,2480, 690204, 2,
april12,2480, 690306, 4,
april12,2480, 690308, 1,
april12,2622, 690105, 1,
april12,2630, 690308, 1,
april12,2637, 710302, 2,
april12,2637, 690202, 4,
april12,2637, 690304, 2,
april12,2637, 690105, 1,
april12,2637, , 1,
april12,2637, 690107, 1,
april12,2637, 690308, 2,
april12,2642, 690105, 1,
april12,2642, 690204, 1,
april12,2655, 690204, 3,
april12,2655, 690308, 1,
april12,2655, 690109, 1,
april12,2666, 350701, 1,
april12,2666, 690204, 1,
april12,2666, 690306, 1,
april12,2666, 690107, 2,
april12,2666, 690208, 1,
april12,2668, 690105, 1,
april12,2668, 690204, 1,
april12,2668, 690306, 1,
april12,2668, 690109, 1,
april12,2668, 690208, 1,
april12,2704, 710302, 3,
april12,2704, 690202, 7,
april12,2704, 690304, 7,
april12,2704, 690105, 2,
april12,2704, 690204, 3,
april12,2704, 690306, 6,
april12,2704, 690107, 9,
april12,2704, 690206, 12,
april12,2704, 690308, 7,
april12,2704, 690109, 11,
april12,2704, 690208, 7,
april12,2802, 690202, 1,
april12,2802, 690304, 1,
april12,2802, 690105, 3,
april12,2802, 690204, 2,
april12,2802, 690306, 1,
april12,2802, 690107, 7,
april12,2802, 690308, 2,
april12,2802, 690109, 3,
april12,2802, , 5,
april12,2802, 690208, 3,
april13,1081, 690202, 1,
april13,1083, 710302, 1,
april13,1083, 690202, 1,
april13,1181, 690202, 1,
april13,1181, 690304, 1,
april13,1181, 690306, 2,
april13,1289, 690304, 1,
april13,1289, 690204, 1,
april13,1289, 690306, 1,
april13,1289, 690206, 1,
april13,1290, 690308, 1,
april13,1290, 690208, 2,
april13,1293, 690304, 1,
april13,1293, 690306, 1,
april13,1293, 690308, 2,
april13,1293, 690208, 3,
april13,1302, 690204, 1,
april13,1302, 690208, 3,
april13,1781, 710302, 1,
april13,1781, 690204, 2,
april13,1781, 690306, 1,
april13,1781, 690308, 1,
april13,1783, 690308, 1,
april13,1791, 690204, 3,
april13,1793, 690204, 1,
april13,1793, 690308, 1,
april13,1795, 690308, 1,
april13,1797, 710302, 1,
april13,1797, 690206, 1,
april13,2148, 350701, 2,
april13,2148, 710302, 1,
april13,2148, 690308, 1,
april13,2148, , 3,
april13,2186, 690204, 1,
april13,2186, 690208, 2,
april13,2191, 690304, 1,
april13,2480, 350701, 1,
april13,2480, 690304, 4,
april13,2480, 690306, 1,
april13,2480, 690308, 1,
april13,2630, 710302, 1,
april13,2630, 690206, 1,
april13,2637, 710302, 1,
april13,2637, 690202, 2,
april13,2637, 690304, 1,
april13,2637, 690308, 1,
april13,2666, 690202, 2,
april13,2666, 690304, 2,
april13,2666, 690204, 2,
april13,2666, 690306, 1,
april13,2666, 690206, 1,
april13,2666, 690208, 1,
april13,2668, 690204, 1,
april13,2704, 710302, 3,
april13,2704, 690202, 7,
april13,2704, 690304, 9,
april13,2704, 690204, 5,
april13,2704, 690306, 4,
april13,2704, 690206, 15,
april13,2704, 690308, 3,
april13,2704, 690208, 8,
april13,2802, 710302, 1,
april13,2802, 690202, 2,
april13,2802, 690304, 1,
april13,2802, 690204, 3,
april13,2802, 690306, 5,
april13,2802, 690206, 6,
april13,2802, 690308, 8,
april14,1081, 690304, 1,
april14,1083, 690202, 1,
april14,1083, 690304, 1,
april14,1083, 690306, 1,
april14,1181, 690204, 1,
april14,1181, 690306, 4,
april14,1181, 690206, 2,
april14,1181, 690109, 1,
april14,1289, 690304, 1,
april14,1289, 690206, 1,
april14,1289, 690308, 1,
april14,1290, 690308, 1,
april14,1290, 690109, 2,
april14,1293, 710302, 2,
april14,1293, 690202, 2,
april14,1293, 690304, 1,
april14,1293, 690105, 2,
april14,1293, 690206, 1,
april14,1293, 690308, 3,
april14,1293, 690109, 1,
april14,1302, 690308, 4,
april14,1302, 690208, 1,
april14,1781, 690306, 1,
april14,1783, 710302, 1,
april14,1783, 690202, 1,
april14,1783, 690105, 1,
april14,1783, 690206, 1,
april14,1783, 690308, 1,
april14,1783, 690109, 1,
april14,1783, 690208, 1,
april14,1791, 690304, 3,
april14,1791, 690204, 1,
april14,1791, 690107, 5,
april14,1791, 690208, 1,
april14,1793, 690109, 1,
april14,1795, 350701, 1,
april14,1795, 690202, 1,
april14,1795, 690206, 1,
april14,1795, 690308, 1,
april14,1800, 690206, 1,
april14,2148, 350701, 5,
april14,2148, 690208, 1,
april14,2186, 690202, 2,
april14,2186, 690105, 1,
april14,2186, 690107, 2,
april14,2186, 690208, 1,
april14,2191, 690109, 1,
april14,2480, 690202, 1,
april14,2480, 690105, 2,
april14,2480, 690204, 2,
april14,2480, 690107, 1,
april14,2480, 690206, 1,
april14,2622, 690107, 1,
april14,2630, 690105, 2,
april14,2637, 710302, 3,
april14,2637, 690304, 1,
april14,2637, 690105, 1,
april14,2642, 690304, 1,
april14,2655, 690202, 1,
april14,2666, 690304, 1,
april14,2666, 690105, 1,
april14,2666, 690306, 1,
april14,2666, 690107, 2,
april14,2666, 690206, 1,
april14,2666, 690109, 2,
april14,2666, 690208, 2,
april14,2668, 690206, 2,
april14,2704, 710302, 4,
april14,2704, 690202, 12,
april14,2704, 690105, 8,
april14,2704, 690204, 2,
april14,2704, 690306, 8,
april14,2704, 690107, 11,
april14,2704, 690206, 4,
april14,2704, 690308, 6,
april14,2704, 690109, 8,
april14,2704, 690208, 4,
april14,2802, 350701, 1,
april14,2802, 710302, 1,
april14,2802, 690202, 2,
april14,2802, 690304, 2,
april14,2802, 690105, 1,
april14,2802, 690107, 7,
april14,2802, 690206, 3,
april14,2802, 690109, 6,
april14,2802, 690208, 4,
april15,1001, 710302, 1,
april15,1081, 690304, 1,
april15,1083, 690304, 1,
april15,1083, 690306, 1,
april15,1181, 690304, 2,
april15,1181, 690105, 1,
april15,1181, 690206, 1,
april15,1289, 690304, 1,
april15,1289, 690308, 1,
april15,1290, 690306, 2,
april15,1290, 690109, 1,
april15,1293, 710302, 1,
april15,1293, 690105, 1,
april15,1293, 690306, 1,
april15,1293, 690206, 1,
april15,1293, 690109, 3,
april15,1302, 690204, 1,
april15,1783, 710302, 1,
april15,1783, 690304, 1,
april15,1783, 690107, 12,
april15,1783, 690206, 1,
april15,1783, 690308, 1,
april15,1783, 690109, 2,
april15,1783, 690208, 1,
april15,1791, 690107, 5,
april15,1793, 690202, 1,
april15,1793, 690204, 1,
april15,1793, 690206, 2,
april15,1793, 690308, 1,
april15,1795, 690304, 5,
april15,1795, 690105, 3,
april15,1795, 690204, 1,
april15,1795, 690206, 3,
april15,2148, 350701, 1,
april15,2148, 690107, 1,
april15,2148, 690109, 2,
april15,2186, 690304, 1,
april15,2186, 690107, 2,
april15,2480, 710302, 1,
april15,2480, 690304, 4,
april15,2480, 690204, 2,
april15,2480, 690306, 4,
april15,2480, 690208, 1,
april15,2630, 710302, 1,
april15,2630, 690109, 1,
april15,2637, 710302, 2,
april15,2637, 690202, 7,
april15,2637, 690304, 1,
april15,2637, 690105, 3,
april15,2642, 690308, 1,
april15,2655, 690308, 2,
april15,2666, 710302, 2,
april15,2666, 690304, 4,
april15,2666, 690105, 1,
april15,2666, 690204, 2,
april15,2666, 690109, 2,
april15,2666, 690208, 1,
april15,2668, 690306, 1,
april15,2668, 690308, 1,
april15,2668, 690208, 1,
april15,2704, 710302, 2,
april15,2704, 690202, 3,
april15,2704, 690304, 4,
april15,2704, 690105, 9,
april15,2704, 690204, 6,
april15,2704, 690306, 9,
april15,2704, 690206, 5,
april15,2704, 690308, 5,
april15,2704, 690109, 16,
april15,2704, 690208, 12,
april15,2802, 350701, 2,
april15,2802, 710302, 1,
april15,2802, 690202, 2,
april15,2802, 690304, 1,
april15,2802, 690105, 2,
april15,2802, 690204, 1,
april15,2802, 690107, 4,
april15,2802, 690206, 3,
april15,2802, 690308, 5,
april15,2802, 690109, 5,
april15,2802, 690208, 3,
april18,1001, 710302, 1,
april18,1083, 710302, 1,
april18,1083, 690202, 1,
april18,1083, 690204, 5,
april18,1083, 690206, 1,
april18,1181, 690206, 1,
april18,1289, 690202, 2,
april18,1289, 690304, 1,
april18,1289, 690206, 3,
april18,1290, 690306, 1,
april18,1293, 690202, 1,
april18,1293, 690306, 2,
april18,1293, 690206, 2,
april18,1293, 690308, 3,
april18,1781, 690308, 2,
april18,1783, 690206, 1,
april18,1783, , 3,
april18,1791, 690206, 1,
april18,1793, 690202, 1,
april18,1793, 690304, 2,
april18,1793, 690306, 3,
april18,1793, 690208, 1,
april18,1797, 690206, 1,
april18,1797, 690308, 1,
april18,1800, 350701, 1,
april18,2148, 350701, 1,
april18,2186, 690304, 1,
april18,2186, 690306, 1,
april18,2480, 690202, 3,
april18,2480, 690304, 1,
april18,2480, 690206, 1,
april18,2480, 690308, 1,
april18,2630, 690206, 1,
april18,2637, 710302, 2,
april18,2637, 690304, 3,
april18,2637, 690306, 2,
april18,2637, 690308, 1,
april18,2637, 690208, 2,
april18,2666, 690202, 1,
april18,2666, 690204, 1,
april18,2666, 690306, 2,
april18,2666, 690206, 1,
april18,2666, 690208, 5,
april18,2668, 690202, 1,
april18,2668, 690204, 1,
april18,2704, 710302, 4,
april18,2704, 690202, 3,
april18,2704, 690304, 5,
april18,2704, 690204, 3,
april18,2704, 690306, 7,
april18,2704, 690206, 9,
april18,2704, 690308, 5,
april18,2704, 690208, 6,
april18,2802, 350701, 1,
april18,2802, 690202, 1,
april18,2802, 690304, 4,
april18,2802, 690204, 6,
april18,2802, 690306, 3,
april18,2802, 690206, 2,
april18,2802, 690308, 8,
april18,2802, 690208, 2,
april19,1001, 690306, 1,
april19,1181, 690204, 2,
april19,1289, 690304, 1,
april19,1289, 690306, 1,
april19,1289, 690206, 4,
april19,1289, 690308, 1,
april19,1290, 690308, 1,
april19,1293, 690202, 1,
april19,1293, 690204, 1,
april19,1293, 690308, 7,
april19,1297, 690308, 1,
april19,1299, 690208, 1,
april19,1302, 690202, 1,
april19,1781, 710302, 1,
april19,1781, 690204, 1,
april19,1781, 690308, 1,
april19,1783, 710302, 1,
april19,1783, 690202, 1,
april19,1783, 690204, 1,
april19,1783, 690306, 1,
april19,1783, 690206, 7,
april19,1791, 690306, 1,
april19,1793, 690304, 2,
april19,1793, 690204, 1,
april19,1793, 690206, 1,
april19,1793, 690308, 1,
april19,1793, 690208, 1,
april19,1795, 690306, 2,
april19,1795, 690308, 1,
april19,1797, 690308, 1,
april19,1800, 690304, 1,
april19,1800, 690306, 1,
april19,2148, 350701, 1,
april19,2480, 690202, 1,
april19,2480, 690306, 5,
april19,2480, 690206, 2,
april19,2480, 690308, 1,
april19,2630, 690204, 1,
april19,2630, 690206, 2,
april19,2637, 710302, 2,
april19,2637, 690202, 2,
april19,2637, 690306, 1,
april19,2637, 690206, 1,
april19,2637, 690308, 2,
april19,2642, 710302, 1,
april19,2655, 690206, 1,
april19,2666, 690204, 1,
april19,2666, 690306, 2,
april19,2666, 690206, 2,
april19,2666, 690308, 1,
april19,2666, 690208, 1,
april19,2668, 710302, 1,
april19,2668, 690204, 1,
april19,2668, 690306, 1,
april19,2668, 690206, 1,
april19,2704, 710302, 2,
april19,2704, 690202, 5,
april19,2704, 690304, 7,
april19,2704, 690204, 2,
april19,2704, 690306, 10,
april19,2704, 690206, 9,
april19,2704, 690308, 6,
april19,2704, 690208, 5,
april19,2802, 350701, 2,
april19,2802, 710302, 1,
april19,2802, 690202, 6,
april19,2802, 690204, 2,
april19,2802, 690306, 2,
april19,2802, 690206, 8,
april19,2802, 690308, 5,
april19,2802, 690208, 4,
april20,1081, 690105, 1,
april20,1083, 690202, 4,
april20,1181, 690105, 1,
april20,1289, 690206, 1,
april20,1289, 690109, 1,
april20,1289, 690208, 1,
april20,1290, 350701, 1,
april20,1290, 690204, 1,
april20,1290, 690107, 21,
april20,1293, 690202, 1,
april20,1293, 690105, 1,
april20,1293, 690204, 3,
april20,1293, 690107, 1,
april20,1293, 690206, 2,
april20,1293, 690308, 3,
april20,1293, 690109, 2,
april20,1293, 690208, 1,
april20,1297, 690107, 1,
april20,1299, 710302, 1,
april20,1783, 690202, 1,
april20,1783, 690105, 1,
april20,1783, 690204, 1,
april20,1783, 690308, 4,
april20,1783, 690109, 1,
april20,1783, 690208, 2,
april20,1791, 690204, 2,
april20,1791, 690109, 1,
april20,1793, 690105, 1,
april20,1795, 690202, 1,
april20,1795, 690304, 1,
april20,1795, 690204, 1,
april20,1795, 690306, 2,
april20,1795, 690206, 2,
april20,1795, 690308, 1,
april20,1797, 690204, 1,
april20,1797, 690109, 1,
april20,1800, 690105, 1,
april20,1800, 690204, 1,
april20,1800, 690109, 5,
april20,2148, 690308, 1,
april20,2224, 690304, 1,
april20,2480, 350701, 1,
april20,2480, 690304, 1,
april20,2480, 690105, 1,
april20,2480, 690306, 1,
april20,2480, 690206, 2,
april20,2480, 690308, 1,
april20,2622, 690109, 2,
april20,2630, 690304, 1,
april20,2630, 690204, 1,
april20,2630, 690107, 2,
april20,2637, 710302, 3,
april20,2637, 690202, 3,
april20,2637, 690304, 2,
april20,2637, 690105, 4,
april20,2637, 690107, 2,
april20,2637, 690308, 1,
april20,2666, 690304, 1,
april20,2666, 690204, 1,
april20,2666, 690306, 1,
april20,2666, 690206, 1,
april20,2666, 690308, 1,
april20,2666, 690208, 1,
april20,2668, 710302, 1,
april20,2668, 690308, 1,
april20,2668, 690109, 1,
april20,2704, 710302, 3,
april20,2704, 690202, 3,
april20,2704, 690304, 7,
april20,2704, 690105, 4,
april20,2704, 690204, 8,
april20,2704, 690306, 3,
april20,2704, 690206, 6,
april20,2704, 690308, 8,
april20,2704, 690109, 10,
april20,2704, 690208, 9,
april20,2802, 690304, 2,
april20,2802, 690105, 4,
april20,2802, 690204, 3,
april20,2802, 690306, 5,
april20,2802, 690107, 3,
april20,2802, 690206, 3,
april20,2802, 690308, 4,
april20,2802, 690109, 7,
april21,1083, 690306, 1,
april21,1181, 690105, 1,
april21,1181, 690109, 1,
april21,1289, 690202, 1,
april21,1289, 690206, 1,
april21,1289, 690308, 1,
april21,1290, 690202, 1,
april21,1290, 690204, 1,
april21,1293, 350701, 1,
april21,1293, 690204, 3,
april21,1293, 690306, 1,
april21,1293, 690107, 26,
april21,1293, 690308, 1,
april21,1293, 690109, 2,
april21,1299, 690204, 1,
april21,1299, 690308, 1,
april21,1302, 690202, 1,
april21,1302, 690308, 6,
april21,1781, 710302, 1,
april21,1781, 690206, 2,
april21,1783, 690202, 3,
april21,1783, 690105, 1,
april21,1783, 690204, 1,
april21,1783, 690206, 1,
april21,1783, 690308, 1,
april21,1783, 690109, 3,
april21,1791, 690204, 2,
april21,1793, 690204, 1,
april21,1793, 690206, 5,
april21,1793, 690109, 1,
april21,1795, 690304, 1,
april21,1795, 690105, 2,
april21,1795, 690206, 1,
april21,1795, 690308, 1,
april21,1795, 690109, 1,
april21,1795, 690208, 2,
april21,1994, 350701, 2,
april21,2148, 350701, 1,
april21,2148, 710302, 1,
april21,2148, 690202, 1,
april21,2148, 690107, 1,
april21,2186, 690308, 1,
april21,2186, 690109, 2,
april21,2191, 690206, 1,
april21,2191, 690109, 2,
april21,2480, 350701, 1,
april21,2480, 710302, 2,
april21,2480, 690304, 1,
april21,2480, 690306, 3,
april21,2480, 690107, 1,
april21,2480, 690206, 3,
april21,2622, 690204, 3,
april21,2630, 690304, 1,
april21,2637, 710302, 2,
april21,2637, 690306, 2,
april21,2637, 690107, 1,
april21,2655, 690304, 1,
april21,2655, 690306, 2,
april21,2666, 690202, 1,
april21,2666, 690105, 1,
april21,2666, 690204, 1,
april21,2666, 690306, 2,
april21,2666, 690308, 1,
april21,2666, 690109, 2,
april21,2666, 690208, 3,
april21,2668, 350701, 1,
april21,2668, 690306, 2,
april21,2668, 690206, 3,
april21,2704, 710302, 2,
april21,2704, 690202, 4,
april21,2704, 690304, 12,
april21,2704, 690105, 5,
april21,2704, 690204, 7,
april21,2704, 690306, 6,
april21,2704, 690206, 10,
april21,2704, 690308, 17,
april21,2704, 690109, 2,
april21,2704, 690208, 7,
april21,2802, 350701, 1,
april21,2802, 690202, 1,
april21,2802, 690304, 1,
april21,2802, 690105, 2,
april21,2802, 690204, 1,
april21,2802, 690306, 4,
april21,2802, 690107, 6,
april21,2802, 690206, 5,
april21,2802, 690109, 6,
april21,2802, 690208, 4,
