march28,1002, 710903, 1,
march28,1005, 690106, 1,
march28,1005, 690108, 1,
march28,1059, 350702, 3,
march28,1059, 710303, 1,
march28,1082, 690307, 1,
march28,1084, 710303, 2,
march28,1084, 690203, 1,
march28,1084, 690307, 1,
march28,1086, 690106, 1,
march28,1086, 690205, 2,
march28,1086, 690307, 2,
march28,1086, 690108, 1,
march28,1116, 690108, 1,
march28,1288, 710303, 2,
march28,1288, 690205, 2,
march28,1288, 710903, 1,
march28,1291, 690108, 3,
march28,1294, 350601, 1,
march28,1294, 350702, 1,
march28,1294, 690205, 1,
march28,1298, 690307, 1,
march28,1300, 690101, 1,
march28,1782, 350702, 1,
march28,1788, 710903, 2,
march28,1790, 690307, 1,
march28,1792, 690205, 2,
march28,1794, 690101, 1,
march28,1794, 690108, 1,
march28,1798, 690305, 1,
march28,1799, 690305, 10,
march28,1799, 690307, 2,
march28,1799, 690108, 1,
march28,2340, 690101, 1,
march28,2340, 690305, 1,
march28,2340, 690307, 1,
march28,2340, 690309, 1,
march28,2377, 350601, 1,
march28,2377, 690203, 2,
march28,2377, 690305, 1,
march28,2377, 690205, 2,
march28,2482, 690101, 1,
march28,2482, 350601, 1,
march28,2482, 350702, 1,
march28,2482, 710303, 3,
march28,2482, 690106, 1,
march28,2482, 690205, 1,
march28,2482, 690307, 1,
march28,2483, 690203, 1,
march28,2483, 690307, 1,
march28,2594, 690203, 2,
march28,2594, 690309, 1,
march28,2623, 710303, 1,
march28,2638, 350601, 1,
march28,2638, 710303, 1,
march28,2638, 690305, 9,
march28,2638, 690106, 2,
march28,2801, 690101, 2,
march28,2801, 350601, 4,
march28,2801, 350702, 1,
march28,2801, 690203, 1,
march28,2801, 690106, 5,
march28,2801, 690205, 2,
march28,2801, 690307, 3,
march28,2801, 690108, 8,
march28,2801, 710903, 5,
march28,2801, 690309, 7,
march28,2901, 350702, 1,
march28,2901, 710303, 4,
march28,2901, 690203, 12,
march28,2901, 690305, 6,
march28,2901, 690106, 5,
march28,2901, 690205, 6,
march28,2901, 690307, 3,
march28,2901, 690108, 1,
march28,2901, 710903, 3,
march28,2901, 690309, 6,
march29,1002, 690307, 6,
march29,1005, 710303, 1,
march29,1005, 710903, 1,
march29,1059, 350601, 1,
march29,1059, 350702, 3,
march29,1059, 710303, 2,
march29,1059, 690305, 2,
march29,1059, 690106, 1,
march29,1059, 690205, 1,
march29,1059, 690307, 1,
march29,1059, 690108, 2,
march29,1059, 710903, 2,
march29,1080, 690305, 1,
march29,1080, 710903, 1,
march29,1082, 690101, 1,
march29,1082, 350601, 1,
march29,1084, 690106, 2,
march29,1084, 690205, 3,
march29,1084, 690108, 1,
march29,1086, 690101, 1,
march29,1086, 710303, 1,
march29,1086, 690305, 1,
march29,1086, 690106, 2,
march29,1086, 690205, 1,
march29,1086, 690307, 1,
march29,1086, 690108, 2,
march29,1086, 710903, 1,
march29,1116, 690305, 1,
march29,1116, 690205, 1,
march29,1288, 710303, 2,
march29,1288, 690203, 1,
march29,1288, 690307, 2,
march29,1288, 710903, 1,
march29,1291, 350601, 1,
march29,1291, 690305, 1,
march29,1291, 690108, 4,
march29,1294, 350601, 1,
march29,1294, 350702, 2,
march29,1294, 690203, 1,
march29,1294, 690305, 4,
march29,1294, 690307, 4,
march29,1294, 710903, 1,
march29,1300, 690307, 1,
march29,1300, 690309, 3,
march29,1782, 690108, 1,
march29,1788, 690205, 2,
march29,1790, 690106, 1,
march29,1790, 690108, 1,
march29,1792, 710303, 1,
march29,1792, 690205, 2,
march29,1794, 690101, 1,
march29,1794, 690305, 1,
march29,1794, 710903, 1,
march29,1796, 690305, 1,
march29,1799, 690305, 1,
march29,1799, 690106, 1,
march29,1799, 690108, 3,
march29,2340, 350601, 1,
march29,2340, 690305, 1,
march29,2340, 690205, 1,
march29,2365, 690205, 1,
march29,2377, 690106, 1,
march29,2377, 690309, 2,
march29,2482, 690101, 1,
march29,2482, 350601, 5,
march29,2482, 350702, 1,
march29,2482, 710303, 2,
march29,2482, 690203, 3,
march29,2482, 690305, 1,
march29,2482, 690106, 1,
march29,2482, 690205, 1,
march29,2482, 690307, 8,
march29,2483, 350601, 2,
march29,2483, 690307, 1,
march29,2483, 710903, 1,
march29,2484, 690101, 3,
march29,2484, 690309, 1,
march29,2594, 690203, 1,
march29,2594, 690307, 1,
march29,2623, 690203, 2,
march29,2623, 690307, 5,
march29,2623, 710903, 1,
march29,2623, 690309, 1,
march29,2638, 350601, 3,
march29,2638, 690305, 1,
march29,2638, 690106, 2,
march29,2638, 690108, 2,
march29,2801, 690101, 2,
march29,2801, 350601, 3,
march29,2801, 350702, 2,
march29,2801, 690203, 3,
march29,2801, 690305, 3,
march29,2801, 690205, 3,
march29,2801, 690307, 1,
march29,2801, 690108, 2,
march29,2801, 710903, 7,
march29,2801, 690309, 1,
march29,2901, 350702, 4,
march29,2901, 710303, 6,
march29,2901, 690203, 2,
march29,2901, 690305, 6,
march29,2901, 690106, 5,
march29,2901, 690205, 5,
march29,2901, 690307, 5,
march29,2901, 690108, 3,
march29,2901, 710903, 3,
march30,1002, 710903, 1,
march30,1005, 350601, 2,
march30,1005, 710303, 1,
march30,1005, 690108, 2,
march30,1005, 710903, 4,
march30,1059, 350702, 3,
march30,1059, 690203, 1,
march30,1059, 690305, 2,
march30,1059, 690205, 4,
march30,1059, 690307, 1,
march30,1059, 690108, 1,
march30,1059, 710903, 2,
march30,1080, 350601, 1,
march30,1080, 690106, 1,
march30,1082, 690305, 1,
march30,1082, 690108, 1,
march30,1084, 350601, 1,
march30,1084, 690203, 2,
march30,1084, 690106, 2,
march30,1086, 350702, 3,
march30,1086, 690305, 4,
march30,1086, 690106, 1,
march30,1086, 690205, 2,
march30,1086, 690108, 2,
march30,1116, 350601, 1,
march30,1288, 350601, 2,
march30,1288, 710303, 4,
march30,1288, 690203, 1,
march30,1288, 690305, 1,
march30,1288, 710903, 1,
march30,1291, 710903, 1,
march30,1294, 350601, 3,
march30,1294, 350702, 1,
march30,1294, 710303, 1,
march30,1294, 690305, 2,
march30,1294, 690205, 5,
march30,1294, 690307, 1,
march30,1298, 710903, 1,
march30,1782, 690205, 1,
march30,1788, 690106, 1,
march30,1788, 690307, 1,
march30,1790, 690205, 1,
march30,1792, 690106, 1,
march30,1792, 690108, 1,
march30,1792, 690309, 1,
march30,1794, 690203, 1,
march30,1794, 690305, 3,
march30,1794, 690307, 4,
march30,1796, 710303, 2,
march30,1796, 690205, 1,
march30,1798, 690106, 1,
march30,1798, 690307, 1,
march30,1799, 690205, 2,
march30,1799, 690307, 1,
march30,2340, 690305, 1,
march30,2340, 690307, 3,
march30,2340, 690108, 1,
march30,2341, 690101, 1,
march30,2377, 690305, 1,
march30,2377, 690106, 1,
march30,2377, 690205, 2,
march30,2377, 690307, 4,
march30,2377, 690108, 3,
march30,2377, 710903, 3,
march30,2482, 350601, 5,
march30,2482, 350702, 2,
march30,2482, 710303, 3,
march30,2482, 690203, 1,
march30,2482, 690305, 2,
march30,2482, 690106, 1,
march30,2482, 690205, 2,
march30,2482, 690307, 1,
march30,2483, 710303, 1,
march30,2484, 690101, 1,
march30,2484, 690203, 1,
march30,2484, 690106, 1,
march30,2484, 690205, 5,
march30,2486, 690307, 1,
march30,2486, 690108, 1,
march30,2594, 350601, 1,
march30,2594, 690203, 1,
march30,2594, 690106, 1,
march30,2594, 690205, 3,
march30,2623, 350601, 2,
march30,2638, 350601, 1,
march30,2638, 690203, 1,
march30,2638, 690106, 2,
march30,2638, 690205, 1,
march30,2638, 690307, 1,
march30,2638, 710903, 2,
march30,2801, 690101, 3,
march30,2801, 350601, 5,
march30,2801, 690305, 3,
march30,2801, 690106, 1,
march30,2801, 690205, 1,
march30,2801, 690307, 8,
march30,2801, 690108, 12,
march30,2801, 710903, 10,
march30,2801, 690309, 2,
march30,2901, 350702, 1,
march30,2901, 710303, 4,
march30,2901, 690203, 1,
march30,2901, 690305, 5,
march30,2901, 690106, 3,
march30,2901, 690205, 9,
march30,2901, 690307, 5,
march30,2901, 690108, 4,
march30,2901, 710903, 4,
march31,1002, , 1,
march31,1005, 710303, 4,
march31,1005, 690305, 1,
march31,1059, , 5,
march31,1059, 690106, 1,
march31,1059, 690307, 1,
march31,1080, , 1,
march31,1080, 690106, 1,
march31,1080, 690205, 1,
march31,1082, 690203, 2,
march31,1084, 690101, 1,
march31,1084, 690305, 1,
march31,1086, 690101, 2,
march31,1086, 350601, 1,
march31,1086, 690305, 2,
march31,1086, 690106, 1,
march31,1086, 690205, 1,
march31,1086, 690307, 3,
march31,1116, 690106, 1,
march31,1288, 710303, 1,
march31,1288, 690203, 1,
march31,1291, 690307, 2,
march31,1291, 690108, 1,
march31,1294, 710303, 3,
march31,1294, 690203, 1,
march31,1294, 690205, 2,
march31,1294, 690307, 2,
march31,1294, 690108, 1,
march31,1298, 690101, 1,
march31,1300, 710303, 1,
march31,1300, 690203, 2,
march31,1782, 690205, 1,
march31,1784, , 2,
march31,1790, 690205, 1,
march31,1792, 690101, 1,
march31,1792, 690203, 1,
march31,1794, 690101, 1,
march31,1794, 690106, 3,
march31,1794, 690205, 4,
march31,1796, 690305, 1,
march31,1796, 690108, 1,
march31,1798, 690205, 1,
march31,1799, 690205, 1,
march31,1799, 690108, 2,
march31,2340, 690108, 1,
march31,2341, 690305, 1,
march31,2365, 690106, 1,
march31,2377, 710303, 1,
march31,2377, 690106, 1,
march31,2377, 690205, 2,
march31,2482, 690101, 2,
march31,2482, 710303, 3,
march31,2482, 690203, 3,
march31,2482, 690305, 2,
march31,2482, 690106, 1,
march31,2482, 690205, 1,
march31,2483, 350702, 1,
march31,2483, 710303, 1,
march31,2483, 690307, 1,
march31,2484, 690101, 2,
march31,2484, 710303, 2,
march31,2484, , 1,
march31,2484, 690205, 1,
march31,2484, 690307, 2,
march31,2484, 690108, 3,
march31,2486, 350702, 1,
march31,2486, , 3,
march31,2594, 690101, 1,
march31,2594, 690203, 1,
march31,2594, 690108, 1,
march31,2623, , 1,
march31,2623, 690106, 1,
march31,2623, 690205, 1,
march31,2638, 350601, 2,
march31,2638, 350702, 1,
march31,2638, , 1,
march31,2638, 690305, 1,
march31,2638, 690106, 1,
march31,2638, 690205, 2,
march31,2638, 690307, 2,
march31,2801, 690101, 1,
march31,2801, 350702, 4,
march31,2801, 710303, 4,
march31,2801, 690203, 1,
march31,2801, 690305, 2,
march31,2801, 690205, 2,
march31,2801, 690307, 1,
march31,2801, 690108, 4,
march31,2901, 690203, 6,
march31,2901, 690305, 6,
march31,2901, 690106, 6,
march31,2901, 690205, 9,
march31,2901, 690307, 8,
march31,2901, 690108, 1,
april1,1002, 690203, 2,
april1,1002, 690307, 1,
april1,1005, 350601, 1,
april1,1005, 710303, 4,
april1,1005, 690203, 1,
april1,1005, 690305, 1,
april1,1005, 690108, 1,
april1,1059, 350601, 1,
april1,1059, 710303, 1,
april1,1059, 690203, 1,
april1,1059, 690307, 1,
april1,1059, 690108, 2,
april1,1080, 690205, 1,
april1,1082, 690307, 1,
april1,1082, 690108, 2,
april1,1082, 690309, 1,
april1,1084, 690101, 1,
april1,1084, 690203, 1,
april1,1084, 690108, 2,
april1,1084, 710903, 1,
april1,1086, 690101, 2,
april1,1086, 710303, 2,
april1,1086, 690106, 1,
april1,1086, 690205, 2,
april1,1086, 690307, 1,
april1,1086, 690108, 3,
april1,1086, 710903, 1,
april1,1116, 690106, 1,
april1,1116, 690108, 1,
april1,1288, 710303, 1,
april1,1288, 690106, 1,
april1,1288, 690108, 1,
april1,1291, 350601, 1,
april1,1291, 690307, 1,
april1,1294, 350601, 4,
april1,1294, 350702, 1,
april1,1294, 690305, 2,
april1,1294, 690205, 2,
april1,1294, 690108, 1,
april1,1298, 690101, 1,
april1,1298, 350601, 1,
april1,1298, 690305, 1,
april1,1300, 690101, 1,
april1,1300, 690203, 2,
april1,1300, 690106, 2,
april1,1782, 710303, 1,
april1,1782, 690305, 1,
april1,1788, 690307, 2,
april1,1790, 690205, 1,
april1,1792, 690203, 1,
april1,1794, 690307, 1,
april1,1794, 690108, 1,
april1,1796, 350702, 1,
april1,1796, 690203, 1,
april1,1796, 690305, 2,
april1,1796, 690106, 2,
april1,1796, 690205, 1,
april1,1798, 350601, 1,
april1,1799, 690203, 2,
april1,1799, 690305, 1,
april1,1799, 690106, 1,
april1,1799, 690307, 1,
april1,1799, 690108, 1,
april1,2340, 690307, 3,
april1,2340, 690309, 3,
april1,2377, 350702, 1,
april1,2377, 690203, 1,
april1,2377, 690106, 1,
april1,2377, 690205, 1,
april1,2377, 690307, 2,
april1,2377, 710903, 1,
april1,2377, 690309, 1,
april1,2482, 690101, 1,
april1,2482, 350702, 1,
april1,2482, 710303, 3,
april1,2482, 690203, 4,
april1,2482, 690305, 1,
april1,2482, 690106, 2,
april1,2482, 690307, 1,
april1,2483, 690101, 1,
april1,2483, 690203, 2,
april1,2483, 690307, 1,
april1,2484, 690101, 2,
april1,2484, 690108, 1,
april1,2484, 710903, 2,
april1,2486, 710303, 5,
april1,2486, 690106, 1,
april1,2594, 690106, 1,
april1,2623, 710303, 1,
april1,2623, 690305, 2,
april1,2623, 710903, 3,
april1,2623, 690309, 2,
april1,2638, 350601, 1,
april1,2638, 350702, 2,
april1,2638, 690203, 2,
april1,2638, 690305, 3,
april1,2638, 690205, 2,
april1,2638, 690307, 1,
april1,2801, 690101, 1,
april1,2801, 350601, 3,
april1,2801, 350702, 1,
april1,2801, 690305, 5,
april1,2801, 690106, 4,
april1,2801, 690205, 1,
april1,2801, 690307, 6,
april1,2801, 690108, 5,
april1,2801, 710903, 3,
april1,2801, 690309, 1,
april1,2901, 710303, 3,
april1,2901, 690203, 11,
april1,2901, 690305, 3,
april1,2901, 690205, 5,
april1,2901, 690307, 12,
april1,2901, 690108, 2,
april1,2901, 710903, 1,
april1,2901, 690309, 7,
april4,1002, 690203, 2,
april4,1005, 710303, 1,
april4,1005, 690203, 2,
april4,1005, 710903, 1,
april4,1059, 690101, 1,
april4,1059, 350702, 1,
april4,1059, 710303, 2,
april4,1059, 690106, 3,
april4,1080, 350601, 1,
april4,1082, 710303, 2,
april4,1082, 690106, 1,
april4,1082, 690205, 1,
april4,1084, 690101, 2,
april4,1084, 690108, 1,
april4,1086, 710303, 2,
april4,1086, 690108, 2,
april4,1086, 710903, 1,
april4,1116, 690108, 1,
april4,1288, 710303, 1,
april4,1288, 690108, 1,
april4,1291, 350601, 1,
april4,1291, 690203, 1,
april4,1291, 690108, 2,
april4,1294, 350601, 7,
april4,1294, 350702, 1,
april4,1294, 690203, 2,
april4,1294, 690108, 1,
april4,1298, 710903, 1,
april4,1782, 690205, 1,
april4,1790, 690203, 1,
april4,1790, 690205, 1,
april4,1790, 710903, 1,
april4,1792, 690203, 1,
april4,1794, 690106, 1,
april4,1796, 710903, 2,
april4,1798, 710903, 1,
april4,1799, 710303, 1,
april4,2151, 690106, 1,
april4,2340, 710303, 1,
april4,2377, 350601, 2,
april4,2377, 710303, 2,
april4,2377, 690203, 1,
april4,2377, 690205, 1,
april4,2482, 690101, 1,
april4,2482, , 3,
april4,2482, 710303, 4,
april4,2483, 690106, 1,
april4,2484, 690101, 1,
april4,2484, 690203, 1,
april4,2486, 690106, 2,
april4,2623, 690101, 2,
april4,2623, 350601, 1,
april4,2623, 350702, 2,
april4,2623, 710303, 1,
april4,2638, 690203, 2,
april4,2638, 690106, 1,
april4,2638, 690108, 4,
april4,2801, 690101, 2,
april4,2801, 350601, 3,
april4,2801, 350702, 1,
april4,2801, 690203, 1,
april4,2801, 690205, 4,
april4,2801, 690108, 7,
april4,2801, 710903, 2,
april4,2901, 690101, 1,
april4,2901, 350702, 4,
april4,2901, 710303, 2,
april4,2901, 690203, 7,
april4,2901, 690205, 3,
april4,2901, 690108, 2,
april4,2901, 710903, 4,
april5,1002, 350702, 1,
april5,1005, 710303, 9,
april5,1005, 690305, 5,
april5,1005, 690307, 1,
april5,1005, 710903, 1,
april5,1059, 690101, 1,
april5,1059, 350702, 3,
april5,1059, 710303, 2,
april5,1059, 690106, 4,
april5,1059, 690307, 1,
april5,1080, 710303, 1,
april5,1084, 690106, 2,
april5,1084, 690108, 1,
april5,1086, 690101, 2,
april5,1086, 710303, 3,
april5,1086, 690305, 3,
april5,1086, 690106, 1,
april5,1086, 690307, 3,
april5,1086, 690108, 2,
april5,1116, 690305, 1,
april5,1288, 350601, 1,
april5,1288, 690106, 6,
april5,1288, 690108, 2,
april5,1291, 690101, 1,
april5,1291, 690307, 3,
april5,1291, 690108, 1,
april5,1291, 710903, 1,
april5,1294, 350601, 4,
april5,1294, 350702, 1,
april5,1294, 690307, 1,
april5,1294, 690108, 1,
april5,1298, 690101, 1,
april5,1300, 690101, 1,
april5,1300, 690307, 2,
april5,1782, 690106, 1,
april5,1792, 690305, 1,
april5,1792, 690106, 1,
april5,1794, 690101, 1,
april5,1794, 690305, 1,
april5,1794, 690106, 1,
april5,1794, 690108, 1,
april5,1796, 690305, 1,
april5,1798, 690307, 1,
april5,1799, 690305, 1,
april5,2340, 690106, 1,
april5,2341, 690108, 1,
april5,2377, 350702, 1,
april5,2377, 690307, 1,
april5,2482, 690101, 2,
april5,2482, 350702, 4,
april5,2482, 710303, 1,
april5,2482, 690305, 4,
april5,2483, 690101, 1,
april5,2483, 690106, 2,
april5,2484, 690101, 1,
april5,2484, 350601, 1,
april5,2484, 710303, 1,
april5,2594, 690101, 1,
april5,2623, 350601, 1,
april5,2623, 690305, 1,
april5,2623, 690108, 1,
april5,2623, 710903, 1,
april5,2638, 350601, 3,
april5,2638, 350702, 1,
april5,2638, 690106, 1,
april5,2638, 690307, 1,
april5,2801, 350601, 2,
april5,2801, 350702, 1,
april5,2801, 690305, 1,
april5,2801, 690106, 7,
april5,2801, 690307, 10,
april5,2801, 690108, 2,
april5,2901, 350702, 4,
april5,2901, 710303, 3,
april5,2901, 690305, 8,
april5,2901, 690106, 6,
april5,2901, 690307, 5,
april5,2901, 690309, 2,
april6,1005, 690203, 1,
april6,1005, 710903, 1,
april6,1059, 690101, 1,
april6,1059, 350702, 1,
april6,1059, 690203, 4,
april6,1059, 690106, 1,
april6,1059, 690205, 1,
april6,1059, 690307, 1,
april6,1059, 690108, 1,
april6,1059, 710903, 3,
april6,1080, 690106, 1,
april6,1082, 690106, 1,
april6,1084, 690305, 1,
april6,1084, 690106, 1,
april6,1086, 690101, 1,
april6,1086, 350702, 1,
april6,1086, 690203, 1,
april6,1086, 690305, 1,
april6,1086, 690106, 1,
april6,1086, 690205, 1,
april6,1086, 690307, 3,
april6,1086, 690108, 1,
april6,1116, 690101, 1,
april6,1116, 690307, 1,
april6,1288, 690305, 2,
april6,1288, 710903, 1,
april6,1291, 690203, 2,
april6,1291, 690307, 1,
april6,1294, 350601, 2,
april6,1294, 350702, 1,
april6,1294, 690106, 1,
april6,1294, 690307, 1,
april6,1294, 690108, 4,
april6,1298, 690106, 3,
april6,1298, 690307, 1,
april6,1300, 690101, 1,
april6,1300, 690307, 1,
april6,1782, 690106, 1,
april6,1782, 690205, 1,
april6,1782, 710903, 1,
april6,1784, 350702, 1,
april6,1790, 690205, 1,
april6,1790, 690307, 1,
april6,1792, 690307, 1,
april6,1794, 690305, 1,
april6,1794, 690307, 1,
april6,1796, 690305, 1,
april6,1796, 690307, 2,
april6,1796, 690108, 1,
april6,1796, 690309, 1,
april6,1798, 350601, 2,
april6,1798, 690203, 1,
april6,1798, 690307, 1,
april6,1798, 690108, 1,
april6,1799, 690205, 1,
april6,2340, 350601, 1,
april6,2340, 350702, 1,
april6,2340, 690203, 1,
april6,2340, 690108, 1,
april6,2341, 690307, 1,
april6,2365, 350702, 1,
april6,2377, 350601, 2,
april6,2377, 690205, 1,
april6,2377, 690307, 2,
april6,2377, 710903, 1,
april6,2482, 690101, 3,
april6,2482, 350601, 2,
april6,2482, 350702, 2,
april6,2482, 690203, 1,
april6,2482, 690305, 2,
april6,2482, 690106, 2,
april6,2482, 690205, 1,
april6,2482, 690108, 1,
april6,2484, 690101, 2,
april6,2484, 350702, 2,
april6,2484, 690106, 1,
april6,2486, 710903, 2,
april6,2594, 690203, 1,
april6,2594, 690205, 1,
april6,2623, 690101, 2,
april6,2623, 350601, 1,
april6,2623, 350702, 2,
april6,2623, 690203, 2,
april6,2623, 690305, 1,
april6,2623, 690106, 2,
april6,2623, 710903, 3,
april6,2623, 690309, 1,
april6,2638, 690203, 1,
april6,2638, 690305, 2,
april6,2638, 690309, 3,
april6,2801, 690101, 2,
april6,2801, 350601, 2,
april6,2801, 350702, 1,
april6,2801, 690203, 1,
april6,2801, 690305, 2,
april6,2801, 690106, 1,
april6,2801, 690205, 7,
april6,2801, 690307, 2,
april6,2801, 690108, 5,
april6,2801, 710903, 2,
april6,2801, 690309, 10,
april6,2901, 350702, 6,
april6,2901, 690203, 5,
april6,2901, 690305, 4,
april6,2901, 690205, 6,
april6,2901, 690307, 4,
april6,2901, 690108, 6,
april6,2901, 710903, 2,
april6,2901, 690309, 6,
april7,1002, 710303, 1,
april7,1005, 710303, 3,
april7,1005, 690305, 1,
april7,1005, 690205, 1,
april7,1059, 710303, 4,
april7,1059, 690203, 1,
april7,1059, 690305, 12,
april7,1059, 690106, 3,
april7,1080, 710303, 1,
april7,1080, 690203, 1,
april7,1080, 690305, 1,
april7,1082, 710303, 3,
april7,1082, 690203, 2,
april7,1084, 690106, 2,
april7,1086, 690101, 1,
april7,1086, 710303, 2,
april7,1086, 690203, 1,
april7,1086, 690305, 1,
april7,1086, 690106, 3,
april7,1086, 690307, 1,
april7,1086, 690108, 2,
april7,1288, 710303, 3,
april7,1288, 690203, 1,
april7,1288, 690309, 1,
april7,1291, 710303, 2,
april7,1291, 690305, 1,
april7,1294, 350601, 4,
april7,1294, 710303, 1,
april7,1294, 690203, 1,
april7,1294, 690305, 1,
april7,1294, 690307, 1,
april7,1298, 690101, 1,
april7,1298, 710303, 1,
april7,1298, 690305, 2,
april7,1298, 690106, 1,
april7,1300, 690307, 1,
april7,1300, 690108, 1,
april7,1784, 690305, 1,
april7,1788, 690309, 2,
april7,1790, 690205, 1,
april7,1790, 690307, 1,
april7,1792, 690305, 2,
april7,1792, 690309, 1,
april7,1794, 690101, 2,
april7,1794, 690305, 1,
april7,1794, 690309, 1,
april7,1796, 690205, 2,
april7,1798, 690108, 2,
april7,1799, 710303, 1,
april7,2151, 690205, 1,
april7,2151, 690309, 2,
april7,2340, 350702, 1,
april7,2341, 350702, 1,
april7,2365, 690108, 1,
april7,2377, 350702, 1,
april7,2377, 690106, 1,
april7,2482, 690101, 2,
april7,2482, 350702, 1,
april7,2482, 710303, 3,
april7,2482, 690203, 1,
april7,2482, 690305, 1,
april7,2482, 690307, 1,
april7,2483, 690101, 1,
april7,2483, 690203, 1,
april7,2483, 690305, 3,
april7,2484, 690101, 3,
april7,2484, 710303, 1,
april7,2484, 690305, 1,
april7,2484, 690307, 1,
april7,2484, 690108, 1,
april7,2486, 690205, 1,
april7,2594, 690101, 1,
april7,2623, 690203, 3,
april7,2623, 690305, 1,
april7,2623, 690205, 3,
april7,2623, 690309, 1,
april7,2638, 690101, 1,
april7,2638, 710303, 4,
april7,2638, 690203, 2,
april7,2638, 690205, 1,
april7,2801, 690101, 1,
april7,2801, 350702, 2,
april7,2801, 710303, 2,
april7,2801, 690203, 2,
april7,2801, 690305, 7,
april7,2801, 690205, 5,
april7,2801, 690307, 4,
april7,2801, 690108, 3,
april7,2901, 350702, 4,
april7,2901, 710303, 4,
april7,2901, 690203, 6,
april7,2901, 690106, 1,
april7,2901, 690205, 4,
april7,2901, 690307, 2,
april7,2901, 690108, 14,
april7,2901, 690309, 7,
april8,1002, 690101, 1,
april8,1005, 710303, 2,
april8,1005, 690305, 1,
april8,1005, 690307, 5,
april8,1005, 690108, 2,
april8,1059, 690101, 1,
april8,1059, 350702, 1,
april8,1059, 710303, 3,
april8,1059, 690203, 1,
april8,1059, 690305, 3,
april8,1059, 690307, 1,
april8,1080, 710303, 2,
april8,1080, 690205, 3,
april8,1080, 690108, 1,
april8,1084, 690305, 2,
april8,1084, 690106, 2,
april8,1084, 690108, 1,
april8,1086, 690101, 1,
april8,1086, 350702, 2,
april8,1086, 690305, 2,
april8,1086, 690205, 1,
april8,1086, 690307, 2,
april8,1086, 690108, 5,
april8,1116, 690101, 1,
april8,1116, 690305, 1,
april8,1116, 690307, 2,
april8,1288, 710303, 1,
april8,1288, 690203, 2,
april8,1288, 710903, 2,
april8,1291, 350702, 1,
april8,1294, 350601, 6,
april8,1294, 710303, 2,
april8,1294, 690203, 1,
april8,1294, 690305, 1,
april8,1294, 690106, 1,
april8,1294, 690309, 1,
april8,1298, 690101, 1,
april8,1298, 350702, 1,
april8,1298, 710303, 1,
april8,1298, 690305, 1,
april8,1298, 690106, 1,
april8,1782, 690203, 1,
april8,1788, 690307, 1,
april8,1790, 710303, 1,
april8,1792, 690307, 3,
april8,1794, 350601, 1,
april8,1794, 690203, 4,
april8,1794, 690305, 1,
april8,1794, 690205, 1,
april8,1796, 690101, 1,
april8,1796, 690203, 1,
april8,1796, 690305, 1,
april8,1796, 690205, 2,
april8,1798, 690203, 1,
april8,1799, 690205, 1,
april8,1799, 690307, 1,
april8,1799, 690309, 1,
april8,2151, 690309, 1,
april8,2340, 350601, 1,
april8,2340, 690205, 1,
april8,2341, 690108, 1,
april8,2365, 690205, 2,
april8,2377, 350601, 1,
april8,2377, 690203, 2,
april8,2377, 690305, 3,
april8,2377, 690307, 1,
april8,2377, 710903, 1,
april8,2377, 690309, 4,
april8,2482, 690101, 2,
april8,2482, 350601, 2,
april8,2482, 710303, 3,
april8,2482, 690203, 2,
april8,2482, 690305, 1,
april8,2483, 690101, 1,
april8,2483, 710303, 1,
april8,2484, 690101, 3,
april8,2484, 710303, 1,
april8,2484, 690203, 3,
april8,2594, 350601, 1,
april8,2594, 690106, 3,
april8,2594, 690205, 2,
april8,2623, 690101, 1,
april8,2623, 690106, 1,
april8,2623, 710903, 2,
april8,2623, 690309, 1,
april8,2638, 350702, 2,
april8,2638, 710303, 1,
april8,2638, 690203, 4,
april8,2638, 690305, 1,
april8,2638, 690108, 2,
april8,2801, 690101, 1,
april8,2801, 710303, 2,
april8,2801, 690305, 1,
april8,2801, 690106, 2,
april8,2801, 690205, 4,
april8,2801, 690307, 2,
april8,2801, 690108, 3,
april8,2801, 710903, 8,
april8,2801, 690309, 5,
april8,2901, 350702, 5,
april8,2901, 690203, 9,
april8,2901, 690305, 2,
april8,2901, 690106, 7,
april8,2901, 690205, 11,
april8,2901, 690307, 7,
april8,2901, 690108, 4,
april8,2901, 710903, 4,
april8,2901, 690309, 2,
april11,1005, 350601, 2,
april11,1005, 690305, 1,
april11,1059, 350702, 1,
april11,1059, 690203, 1,
april11,1059, 690305, 3,
april11,1059, 690106, 1,
april11,1059, 690205, 1,
april11,1059, 690108, 2,
april11,1059, 690309, 1,
april11,1080, 690106, 1,
april11,1080, 690205, 1,
april11,1084, 690203, 1,
april11,1084, 690205, 1,
april11,1084, 710903, 1,
april11,1086, 350601, 1,
april11,1086, 710303, 1,
april11,1086, 690106, 2,
april11,1086, 690205, 1,
april11,1086, 690108, 1,
april11,1086, 690309, 2,
april11,1116, 690108, 1,
april11,1288, 690205, 1,
april11,1288, 690307, 1,
april11,1288, 690108, 1,
april11,1288, 710903, 1,
april11,1291, 350601, 1,
april11,1291, 350702, 1,
april11,1291, 690108, 4,
april11,1294, 690101, 1,
april11,1294, 350601, 3,
april11,1294, 690106, 1,
april11,1294, 690205, 2,
april11,1294, 690108, 1,
april11,1298, 690101, 1,
april11,1298, 350702, 1,
april11,1298, 690205, 1,
april11,1300, 690205, 1,
april11,1782, 690305, 1,
april11,1782, 690307, 1,
april11,1788, 690108, 1,
april11,1790, 690205, 2,
april11,1792, 690203, 1,
april11,1794, 350601, 1,
april11,1794, 690307, 1,
april11,1794, 690108, 1,
april11,1796, 690309, 1,
april11,1798, 690101, 1,
april11,1799, 690205, 1,
april11,1799, 690307, 1,
april11,2377, 710303, 1,
april11,2377, 690203, 1,
april11,2377, 690307, 1,
april11,2482, 690101, 1,
april11,2482, 350601, 2,
april11,2482, 350702, 1,
april11,2482, 690305, 1,
april11,2482, 690205, 1,
april11,2483, 350601, 2,
april11,2483, 690307, 2,
april11,2484, 710303, 3,
april11,2484, 710903, 2,
april11,2594, 690203, 1,
april11,2594, 690108, 1,
april11,2623, 350702, 1,
april11,2623, 710303, 1,
april11,2623, 690106, 1,
april11,2638, 350601, 3,
april11,2638, 690203, 1,
april11,2638, 690307, 1,
april11,2638, 710903, 1,
april11,2801, 690101, 2,
april11,2801, 350601, 4,
april11,2801, 350702, 1,
april11,2801, 710303, 1,
april11,2801, 690106, 2,
april11,2801, 690205, 2,
april11,2801, 690108, 5,
april11,2801, 710903, 4,
april11,2801, 690309, 3,
april11,2901, 350702, 2,
april11,2901, 710303, 4,
april11,2901, 690203, 6,
april11,2901, 690305, 13,
april11,2901, 690106, 1,
april11,2901, 690307, 7,
april11,2901, 690108, 4,
april11,2901, 690309, 3,
april12,1002, 350702, 1,
april12,1005, 350702, 1,
april12,1005, 690203, 3,
april12,1005, 690205, 1,
april12,1005, 690108, 1,
april12,1005, 710903, 1,
april12,1059, 710303, 3,
april12,1059, 690203, 1,
april12,1059, 690305, 1,
april12,1059, 690106, 1,
april12,1059, 690205, 4,
april12,1059, 690307, 4,
april12,1059, 690108, 2,
april12,1080, 710303, 1,
april12,1080, 690106, 1,
april12,1080, 690205, 1,
april12,1080, 690309, 1,
april12,1082, 350702, 1,
april12,1086, 350601, 1,
april12,1086, 690203, 1,
april12,1086, 690106, 4,
april12,1086, 690205, 1,
april12,1086, 690307, 1,
april12,1086, 690108, 2,
april12,1288, 710303, 1,
april12,1288, 690205, 1,
april12,1288, 690307, 2,
april12,1288, 690108, 1,
april12,1291, 350601, 4,
april12,1291, 690106, 2,
april12,1291, 690108, 1,
april12,1294, 690101, 1,
april12,1294, 350601, 2,
april12,1294, 350702, 1,
april12,1294, 710303, 1,
april12,1294, 690305, 3,
april12,1294, 690106, 1,
april12,1294, 690205, 2,
april12,1294, 690307, 2,
april12,1294, 690108, 1,
april12,1294, 710903, 1,
april12,1298, 690101, 1,
april12,1298, 710303, 2,
april12,1298, 690307, 1,
april12,1300, 690205, 1,
april12,1782, 690305, 1,
april12,1788, 690205, 1,
april12,1790, 690106, 1,
april12,1790, 690307, 1,
april12,1792, 690305, 2,
april12,1792, 690309, 1,
april12,1794, 690101, 1,
april12,1794, 690205, 2,
april12,1794, 690307, 1,
april12,1794, 690108, 1,
april12,1794, 690309, 4,
april12,1796, 350601, 1,
april12,1798, 350601, 2,
april12,1799, 350702, 1,
april12,1799, 690205, 3,
april12,1799, 690307, 1,
april12,1799, 690108, 1,
april12,2151, 710903, 1,
april12,2340, 350601, 1,
april12,2340, 690305, 1,
april12,2340, 690307, 1,
april12,2340, 690108, 1,
april12,2341, 690305, 1,
april12,2341, 690307, 1,
april12,2377, 350601, 1,
april12,2377, 350702, 1,
april12,2377, 690307, 1,
april12,2377, 690108, 1,
april12,2377, 710903, 1,
april12,2482, 690101, 2,
april12,2482, 350702, 4,
april12,2482, 710303, 1,
april12,2482, 690203, 2,
april12,2482, 690305, 3,
april12,2482, 690205, 1,
april12,2483, 690101, 1,
april12,2483, 350601, 1,
april12,2483, 710303, 2,
april12,2483, 690305, 2,
april12,2483, 690205, 2,
april12,2484, 690101, 2,
april12,2484, 710303, 1,
april12,2484, 690205, 1,
april12,2484, 690309, 1,
april12,2486, 690108, 1,
april12,2594, 690101, 1,
april12,2594, 690203, 1,
april12,2594, 690307, 1,
april12,2623, 690101, 1,
april12,2623, 350601, 1,
april12,2623, 690305, 1,
april12,2638, 350601, 3,
april12,2638, 710303, 1,
april12,2638, 690305, 2,
april12,2638, 690106, 1,
april12,2638, 690307, 1,
april12,2638, 690108, 1,
april12,2801, 690101, 2,
april12,2801, 350601, 7,
april12,2801, 350702, 3,
april12,2801, 710303, 1,
april12,2801, 690305, 2,
april12,2801, 690106, 2,
april12,2801, 690205, 3,
april12,2801, 690307, 6,
april12,2801, 690108, 7,
april12,2801, 710903, 2,
april12,2801, 690309, 1,
april12,2901, 690101, 5,
april12,2901, 350702, 1,
april12,2901, 710303, 4,
april12,2901, 690203, 6,
april12,2901, 690305, 5,
april12,2901, 690106, 4,
april12,2901, 690205, 5,
april12,2901, 690307, 5,
april12,2901, 690108, 3,
april12,2901, 690309, 1,
april13,1005, 350601, 1,
april13,1005, 690305, 1,
april13,1005, 710903, 1,
april13,1059, 710303, 4,
april13,1059, 690203, 11,
april13,1059, 690205, 1,
april13,1059, 690307, 7,
april13,1080, 350601, 1,
april13,1082, 690307, 2,
april13,1084, 690307, 1,
april13,1086, 350601, 1,
april13,1086, 350702, 1,
april13,1086, 710303, 1,
april13,1086, 690205, 1,
april13,1086, 690307, 2,
april13,1116, 710303, 1,
april13,1294, 350601, 1,
april13,1294, 350702, 2,
april13,1294, 710303, 1,
april13,1294, 690205, 2,
april13,1294, 710903, 1,
april13,1298, 690305, 2,
april13,1300, 690203, 1,
april13,1300, 690205, 1,
april13,1300, 690307, 1,
april13,1782, 690307, 1,
april13,1790, 690205, 1,
april13,1790, 710903, 1,
april13,1794, 710303, 1,
april13,1794, 690205, 1,
april13,1794, 690309, 1,
april13,1796, 710303, 1,
april13,1799, 690205, 1,
april13,1799, 690307, 1,
april13,2151, 350601, 1,
april13,2340, 350702, 1,
april13,2340, 690307, 2,
april13,2341, 690307, 1,
april13,2377, 690203, 4,
april13,2377, 690305, 1,
april13,2377, 710903, 2,
april13,2377, 690309, 3,
april13,2482, 350601, 1,
april13,2482, 350702, 4,
april13,2482, 710303, 3,
april13,2482, 690305, 1,
april13,2482, 690205, 3,
april13,2482, 690307, 1,
april13,2483, 350702, 1,
april13,2483, 710303, 1,
april13,2483, 690205, 3,
april13,2484, 710303, 1,
april13,2484, 690205, 1,
april13,2484, 710903, 3,
april13,2486, 690205, 1,
april13,2594, 350702, 1,
april13,2594, 710303, 2,
april13,2594, 710903, 1,
april13,2623, 350601, 1,
april13,2623, 350702, 2,
april13,2623, 690205, 1,
april13,2623, 710903, 2,
april13,2638, 350601, 2,
april13,2638, 710303, 1,
april13,2638, 690205, 2,
april13,2638, 690309, 1,
april13,2801, 350601, 2,
april13,2801, 350702, 2,
april13,2801, 710303, 2,
april13,2801, 690305, 5,
april13,2801, 690205, 5,
april13,2801, 690307, 3,
april13,2801, 710903, 4,
april13,2801, 690309, 9,
april13,2901, 350702, 1,
april13,2901, 710303, 4,
april13,2901, 690203, 4,
april13,2901, 690305, 7,
april13,2901, 690205, 7,
april13,2901, 690309, 2,
april14,1002, 350601, 1,
april14,1005, 350702, 1,
april14,1005, 710303, 1,
april14,1005, 710903, 1,
april14,1059, 710303, 3,
april14,1059, 690203, 1,
april14,1059, 690106, 1,
april14,1059, 690205, 1,
april14,1059, 690307, 2,
april14,1059, 690108, 1,
april14,1059, 690309, 1,
april14,1080, 350702, 1,
april14,1080, 710303, 1,
april14,1080, 690205, 1,
april14,1082, 690203, 1,
april14,1082, 690305, 1,
april14,1086, 690203, 1,
april14,1086, 690305, 1,
april14,1086, 690106, 2,
april14,1086, 690205, 4,
april14,1086, 690307, 2,
april14,1086, 710903, 1,
april14,1086, 690309, 1,
april14,1116, 690101, 1,
april14,1288, 350601, 1,
april14,1288, 710303, 3,
april14,1288, 690203, 1,
april14,1288, 690108, 1,
april14,1291, 690106, 1,
april14,1291, 690307, 1,
april14,1294, 690101, 1,
april14,1294, 350601, 9,
april14,1294, 690305, 2,
april14,1294, 690106, 1,
april14,1294, 690205, 2,
april14,1294, 690307, 3,
april14,1294, 710903, 1,
april14,1298, 690101, 1,
april14,1298, 690106, 1,
april14,1300, 690307, 1,
april14,1782, 350702, 1,
april14,1782, 710903, 2,
april14,1784, 710303, 1,
april14,1788, 690106, 1,
april14,1790, 350601, 1,
april14,1790, 710903, 1,
april14,1792, 690305, 1,
april14,1792, 690307, 1,
april14,1794, 690101, 1,
april14,1794, 690203, 1,
april14,1794, 690305, 1,
april14,1794, 690106, 2,
april14,1794, 690205, 1,
april14,1796, 690305, 2,
april14,1796, 690106, 1,
april14,1798, 710303, 1,
april14,1799, 350601, 1,
april14,1799, 710303, 1,
april14,1799, 690106, 1,
april14,1799, 690205, 1,
april14,1799, 690307, 1,
april14,2340, 690108, 1,
april14,2340, 690309, 1,
april14,2341, 710303, 2,
april14,2377, 710303, 1,
april14,2377, 690203, 1,
april14,2377, 690305, 1,
april14,2377, 690106, 1,
april14,2377, 690108, 1,
april14,2377, 710903, 1,
april14,2377, 690309, 1,
april14,2482, 690101, 2,
april14,2482, 350601, 1,
april14,2482, 350702, 2,
april14,2482, 710303, 1,
april14,2482, 690305, 1,
april14,2482, 690205, 5,
april14,2482, 690108, 3,
april14,2483, 710303, 2,
april14,2483, 690203, 1,
april14,2483, 690305, 2,
april14,2484, 690101, 1,
april14,2484, 690106, 1,
april14,2484, 690108, 1,
april14,2594, 690101, 1,
april14,2594, 690203, 1,
april14,2594, 690307, 1,
april14,2623, 350601, 1,
april14,2623, 690309, 2,
april14,2638, 350601, 1,
april14,2638, 710303, 1,
april14,2638, 690305, 1,
april14,2638, 690106, 2,
april14,2638, 690205, 1,
april14,2638, 690108, 1,
april14,2638, 690309, 1,
april14,2801, 690101, 1,
april14,2801, 710303, 2,
april14,2801, 690305, 7,
april14,2801, 690106, 1,
april14,2801, 690205, 2,
april14,2801, 690307, 3,
april14,2801, 690108, 3,
april14,2801, 690309, 7,
april14,2901, 350702, 3,
april14,2901, 710303, 2,
april14,2901, 690203, 3,
april14,2901, 690305, 8,
april14,2901, 690106, 4,
april14,2901, 690205, 5,
april14,2901, 690307, 3,
april14,2901, 690108, 7,
april14,2901, 710903, 3,
april14,2901, 690309, 1,
april15,1002, 710303, 2,
april15,1002, 690203, 1,
april15,1002, 690307, 1,
april15,1005, 710303, 3,
april15,1005, 690305, 1,
april15,1005, 690106, 1,
april15,1005, 710903, 1,
april15,1059, 350702, 3,
april15,1059, 710303, 2,
april15,1059, 690203, 2,
april15,1059, 690307, 1,
april15,1059, 710903, 2,
april15,1059, 690309, 1,
april15,1080, 690203, 1,
april15,1080, 690305, 1,
april15,1080, 690106, 1,
april15,1080, 690205, 2,
april15,1082, 710303, 5,
april15,1084, 710303, 1,
april15,1084, 690108, 1,
april15,1086, 690106, 1,
april15,1086, 690307, 1,
april15,1086, 690108, 1,
april15,1288, 710303, 1,
april15,1288, 690203, 1,
april15,1288, 690305, 1,
april15,1288, 690108, 1,
april15,1291, 690106, 3,
april15,1291, 690307, 1,
april15,1291, 690108, 1,
april15,1291, 710903, 1,
april15,1294, 690101, 1,
april15,1294, 350702, 1,
april15,1294, 710303, 1,
april15,1294, 690203, 2,
april15,1294, 690305, 1,
april15,1294, 690106, 3,
april15,1294, 690307, 2,
april15,1294, 690108, 1,
april15,1294, 690309, 1,
april15,1298, 690101, 1,
april15,1298, 690203, 1,
april15,1298, 690305, 1,
april15,1300, 690307, 1,
april15,1788, 710903, 1,
april15,1790, 690203, 2,
april15,1792, 710303, 1,
april15,1792, 690307, 2,
april15,1794, 710303, 1,
april15,1794, 690203, 1,
april15,1794, 690305, 1,
april15,1794, 690307, 1,
april15,1796, 690205, 2,
april15,1796, 710903, 1,
april15,1799, 690305, 1,
april15,1799, 690205, 1,
april15,2340, 690108, 1,
april15,2341, 710303, 1,
april15,2377, 690106, 2,
april15,2377, 690205, 1,
april15,2377, 690307, 1,
april15,2377, 690108, 3,
april15,2377, 710903, 2,
april15,2377, 690309, 1,
april15,2482, 690101, 2,
april15,2482, 710303, 2,
april15,2482, 690203, 1,
april15,2482, 690305, 1,
april15,2482, 690307, 4,
april15,2482, 710903, 1,
april15,2482, 690309, 1,
april15,2484, 690101, 1,
april15,2484, 710303, 1,
april15,2484, 690203, 1,
april15,2484, 690307, 2,
april15,2486, 710303, 1,
april15,2594, 690305, 1,
april15,2594, 690108, 1,
april15,2594, 690309, 1,
april15,2623, 710303, 1,
april15,2623, 690205, 1,
april15,2638, 350702, 3,
april15,2638, 710303, 1,
april15,2638, 690106, 1,
april15,2801, 690101, 2,
april15,2801, 710303, 2,
april15,2801, 690305, 3,
april15,2801, 690106, 2,
april15,2801, 690205, 1,
april15,2801, 690307, 7,
april15,2801, 690108, 9,
april15,2801, 710903, 10,
april15,2801, 690309, 4,
april15,2901, 350702, 4,
april15,2901, 710303, 10,
april15,2901, 690203, 9,
april15,2901, 690305, 6,
april15,2901, 690106, 5,
april15,2901, 690205, 6,
april15,2901, 690307, 2,
april15,2901, 690108, 2,
april15,2901, 710903, 1,
april15,2901, 690309, 2,
april18,1005, 710303, 1,
april18,1059, 350702, 2,
april18,1059, 710303, 2,
april18,1059, 690203, 1,
april18,1059, 690305, 1,
april18,1059, 710903, 1,
april18,1080, 350702, 1,
april18,1080, 710303, 1,
april18,1080, 690203, 2,
april18,1080, 690205, 2,
april18,1082, 690205, 1,
april18,1084, 350702, 1,
april18,1084, 690203, 1,
april18,1086, 350702, 1,
april18,1086, 690205, 3,
april18,1086, 690307, 1,
april18,1288, 710303, 3,
april18,1288, 690307, 2,
april18,1294, 350702, 1,
april18,1294, 690305, 1,
april18,1294, 690205, 2,
april18,1294, 690307, 1,
april18,1294, 710903, 1,
april18,1790, 690205, 1,
april18,1790, 690307, 1,
april18,1792, 690203, 1,
april18,1792, 690205, 1,
april18,1794, 350702, 1,
april18,1794, 690305, 1,
april18,1796, 690205, 3,
april18,1798, 690305, 1,
april18,1799, 690307, 1,
april18,2340, 690305, 1,
april18,2377, 710303, 2,
april18,2377, 690305, 1,
april18,2377, 690309, 1,
april18,2482, 350702, 2,
april18,2482, 710303, 2,
april18,2482, 690205, 2,
april18,2482, 690307, 2,
april18,2483, 690203, 2,
april18,2483, 690305, 1,
april18,2484, 710303, 1,
april18,2484, 690307, 2,
april18,2594, 690203, 4,
april18,2594, 690205, 1,
april18,2623, 690203, 1,
april18,2623, 690307, 1,
april18,2638, 710303, 1,
april18,2638, 690205, 1,
april18,2638, 710903, 2,
april18,2801, 350702, 4,
april18,2801, 690203, 1,
april18,2801, 690305, 4,
april18,2801, 690205, 1,
april18,2801, 690307, 7,
april18,2801, 710903, 6,
april18,2801, 690309, 1,
april18,2901, 350702, 3,
april18,2901, 710303, 3,
april18,2901, 690203, 4,
april18,2901, 690305, 5,
april18,2901, 690205, 3,
april18,2901, 690307, 15,
april18,2901, 710903, 7,
april18,2901, 690309, 5,
april19,1005, 350601, 1,
april19,1005, 690203, 1,
april19,1005, 710903, 2,
april19,1005, 690309, 1,
april19,1059, 350702, 1,
april19,1059, 710303, 2,
april19,1059, 690309, 1,
april19,1080, 710303, 1,
april19,1082, 690203, 1,
april19,1082, 690309, 1,
april19,1084, 690203, 1,
april19,1084, 690307, 1,
april19,1086, 690101, 1,
april19,1086, 710303, 1,
april19,1116, 690101, 1,
april19,1116, 690205, 1,
april19,1288, 350702, 1,
april19,1288, 690305, 1,
april19,1288, 690307, 1,
april19,1291, 690307, 2,
april19,1294, 690101, 1,
april19,1294, 350702, 2,
april19,1294, 690305, 1,
april19,1294, 690205, 1,
april19,1294, 690309, 1,
april19,1298, 690305, 1,
april19,1300, 350702, 1,
april19,1300, 690305, 4,
april19,1300, 690307, 2,
april19,1300, 690309, 1,
april19,1782, 690309, 1,
april19,1784, 710903, 2,
april19,1790, 690205, 1,
april19,1792, 690305, 1,
april19,1794, 350702, 1,
april19,1794, 690205, 1,
april19,1794, 690307, 5,
april19,1794, 690309, 2,
april19,1796, 690305, 1,
april19,1796, 690205, 1,
april19,1796, 690309, 1,
april19,1798, 690203, 1,
april19,1798, 690205, 1,
april19,1799, 350601, 4,
april19,1799, 690205, 3,
april19,2340, 690203, 1,
april19,2377, 350601, 1,
april19,2377, 350702, 1,
april19,2377, 710303, 1,
april19,2377, 690203, 1,
april19,2377, 690205, 1,
april19,2377, 690307, 2,
april19,2377, 710903, 1,
april19,2482, 350702, 2,
april19,2482, 710303, 2,
april19,2483, 350702, 1,
april19,2483, 710303, 2,
april19,2483, 690203, 2,
april19,2484, 710303, 1,
april19,2484, 690307, 1,
april19,2594, 690203, 3,
april19,2623, 350601, 2,
april19,2623, 350702, 1,
april19,2623, 690305, 1,
april19,2623, 690309, 1,
april19,2638, 350601, 1,
april19,2638, 710303, 1,
april19,2638, 690203, 1,
april19,2638, 690305, 2,
april19,2801, 690101, 2,
april19,2801, 350601, 1,
april19,2801, 350702, 4,
april19,2801, 710303, 4,
april19,2801, 690203, 1,
april19,2801, 690305, 2,
april19,2801, 690205, 4,
april19,2801, 690307, 4,
april19,2801, 710903, 1,
april19,2801, 690309, 2,
april19,2901, 350702, 5,
april19,2901, 710303, 4,
april19,2901, 690203, 4,
april19,2901, 690305, 5,
april19,2901, 690205, 3,
april19,2901, 690307, 6,
april19,2901, 710903, 3,
april19,2901, 690309, 1,
april20,1005, 710303, 1,
april20,1005, 690203, 2,
april20,1005, 690106, 1,
april20,1005, 690205, 4,
april20,1005, 690108, 2,
april20,1005, 710903, 3,
april20,1059, 710303, 3,
april20,1059, 690203, 2,
april20,1059, 690205, 3,
april20,1059, 710903, 1,
april20,1080, 710903, 2,
april20,1082, 690106, 2,
april20,1084, 690101, 1,
april20,1084, 710303, 2,
april20,1084, 690203, 1,
april20,1086, 690101, 1,
april20,1086, 350702, 1,
april20,1086, 690203, 1,
april20,1086, 690305, 3,
april20,1086, 690205, 6,
april20,1086, 690307, 1,
april20,1086, 690108, 2,
april20,1086, 690309, 2,
april20,1116, 690101, 1,
april20,1288, 690203, 2,
april20,1288, 690108, 1,
april20,1291, 350601, 1,
april20,1291, 690106, 1,
april20,1291, 710903, 1,
april20,1294, 690101, 1,
april20,1294, 350601, 2,
april20,1294, 350702, 3,
april20,1294, 710303, 2,
april20,1294, 690106, 1,
april20,1294, 690205, 2,
april20,1294, 690307, 1,
april20,1294, 710903, 1,
april20,1298, 350601, 1,
april20,1298, 690305, 1,
april20,1300, 690205, 2,
april20,1300, 690307, 1,
april20,1782, 690309, 3,
april20,1788, 710903, 1,
april20,1790, 690307, 1,
april20,1792, 690305, 4,
april20,1794, 690203, 1,
april20,1794, 690305, 2,
april20,1794, 690205, 1,
april20,1794, 710903, 1,
april20,1796, 690309, 2,
april20,1799, 690305, 1,
april20,1799, 690205, 1,
april20,1799, 690108, 1,
april20,2340, 690108, 1,
april20,2341, 690307, 1,
april20,2377, 690101, 1,
april20,2377, 350601, 1,
april20,2377, 710303, 1,
april20,2377, 690106, 1,
april20,2377, 690205, 1,
april20,2377, 690307, 2,
april20,2377, 690108, 2,
april20,2377, 690309, 1,
april20,2482, 690101, 1,
april20,2482, 350601, 1,
april20,2482, 350702, 1,
april20,2482, 710303, 1,
april20,2482, 690203, 1,
april20,2482, 690305, 1,
april20,2482, 690307, 1,
april20,2482, 690309, 2,
april20,2483, 710303, 2,
april20,2483, 690309, 3,
april20,2484, 690101, 1,
april20,2484, 350601, 1,
april20,2484, 350702, 2,
april20,2484, 690203, 1,
april20,2484, 690106, 1,
april20,2486, 690309, 1,
april20,2594, 690203, 2,
april20,2594, 690106, 2,
april20,2594, 690108, 1,
april20,2594, 710903, 1,
april20,2623, 690101, 1,
april20,2623, 350601, 1,
april20,2623, 710303, 1,
april20,2623, 690305, 3,
april20,2623, 690205, 1,
april20,2623, 690108, 1,
april20,2638, 350601, 1,
april20,2638, 690305, 2,
april20,2638, 690106, 1,
april20,2638, 690205, 1,
april20,2638, 690108, 1,
april20,2801, 690101, 2,
april20,2801, 350601, 5,
april20,2801, 710303, 1,
april20,2801, 690203, 2,
april20,2801, 690305, 3,
april20,2801, 690205, 2,
april20,2801, 690307, 3,
april20,2801, 690108, 2,
april20,2801, 710903, 4,
april20,2801, 690309, 1,
april20,2901, 350702, 3,
april20,2901, 710303, 2,
april20,2901, 690203, 5,
april20,2901, 690305, 6,
april20,2901, 690106, 2,
april20,2901, 690205, 2,
april20,2901, 690307, 17,
april20,2901, 690108, 5,
april20,2901, 710903, 2,
april20,2901, 690309, 7,
april21,1005, 350702, 1,
april21,1059, 690101, 1,
april21,1059, 350702, 1,
april21,1059, 710303, 2,
april21,1059, 690305, 1,
april21,1059, 690106, 1,
april21,1059, 690205, 2,
april21,1059, 690307, 1,
april21,1086, 690305, 2,
april21,1086, 690205, 3,
april21,1288, 690101, 1,
april21,1288, 710303, 1,
april21,1288, 690305, 2,
april21,1288, 690309, 1,
april21,1291, 690101, 1,
april21,1291, 350601, 1,
april21,1291, 350702, 1,
april21,1294, 690101, 1,
april21,1294, 350601, 8,
april21,1294, 710303, 2,
april21,1294, 690203, 1,
april21,1294, 690305, 1,
april21,1294, 690106, 1,
april21,1294, 690205, 1,
april21,1294, 690108, 1,
april21,1298, 690101, 1,
april21,1298, 690203, 1,
april21,1300, 350601, 1,
april21,1300, 710303, 1,
april21,1782, 690205, 1,
april21,1790, 690305, 2,
april21,1794, 690101, 1,
april21,1794, 690106, 1,
april21,1794, 690307, 1,
april21,1794, 690108, 3,
april21,1796, 690205, 1,
april21,1799, 690205, 1,
april21,1799, 690307, 1,
april21,1799, 690108, 1,
april21,2340, 690203, 1,
april21,2340, 690307, 1,
april21,2340, 690108, 1,
april21,2377, 690203, 1,
april21,2377, 690305, 1,
april21,2377, 690205, 1,
april21,2377, 690307, 1,
april21,2482, 710303, 1,
april21,2482, 690203, 2,
april21,2482, 690305, 2,
april21,2482, 690106, 1,
april21,2482, 690205, 4,
april21,2482, 690108, 4,
april21,2482, 690309, 3,
april21,2483, 690305, 1,
april21,2484, 350702, 1,
april21,2484, 710303, 2,
april21,2484, 690307, 1,
april21,2486, 690203, 2,
april21,2486, 690108, 1,
april21,2594, 350601, 1,
april21,2594, 690203, 3,
april21,2623, 350601, 1,
april21,2623, 690305, 1,
april21,2638, 350601, 1,
april21,2638, 690203, 3,
april21,2638, 690305, 1,
april21,2638, 690307, 2,
april21,2638, 690108, 1,
april21,2801, 690101, 2,
april21,2801, 350601, 3,
april21,2801, 350702, 1,
april21,2801, 710303, 2,
april21,2801, 690305, 9,
april21,2801, 690106, 1,
april21,2801, 690205, 3,
april21,2801, 690307, 5,
april21,2801, 690108, 2,
april21,2801, 690309, 3,
april21,2901, 350702, 3,
april21,2901, 710303, 4,
april21,2901, 690203, 5,
april21,2901, 690305, 9,
april21,2901, 690106, 2,
april21,2901, 690205, 1,
april21,2901, 690307, 5,
april21,2901, 690309, 2,
