march28,1046, 710101, 1,
march28,1046, 910101, 1,
march28,1046, , 1,
march28,1046, 710503, 1,
march28,1051, 710503, 1,
march28,1082, , 1,
march28,1082, 710203, 2,
march28,1082, 710610, 1,
march28,1088, 710101, 1,
march28,1088, , 1,
march28,1088, 710406, 1,
march28,1090, 910101, 3,
march28,1090, 710307, 1,
march28,1097, 710101, 1,
march28,1097, , 3,
march28,1097, 690104, 2,
march28,1099, 710203, 1,
march28,1099, 710608, 2,
march28,1099, 710610, 1,
march28,1099, 710511, 2,
march28,1100, 690104, 2,
march28,1100, 710205, 2,
march28,1141, 910101, 2,
march28,1141, , 1,
march28,1141, 690104, 1,
march28,1141, 710503, 2,
march28,1141, 710205, 1,
march28,1141, 710307, 2,
march28,1141, 710608, 2,
march28,1141, 710708, 1,
march28,1425, 910101, 3,
march28,1425, 710203, 2,
march28,1425, 690104, 1,
march28,1425, 710406, 1,
march28,1427, 710501, 1,
march28,1427, 710804, 3,
march28,1427, 710406, 3,
march28,1427, 690207, 1,
march28,1429, 710804, 1,
march28,1433, 710804, 1,
march28,1435, , 5,
march28,1439, 710101, 1,
march28,1439, , 1,
march28,1444, 710501, 1,
march28,1448, 710608, 1,
march28,1796, 710205, 1,
march28,1796, 710804, 1,
march28,1796, 710708, 1,
march28,1798, 910101, 1,
march28,1798, 690207, 2,
march28,1799, 710203, 1,
march28,1799, 710205, 1,
march28,1799, 710406, 3,
march28,1799, 690207, 2,
march28,1801, 710804, 10,
march28,1801, 710406, 4,
march28,1803, 710501, 1,
march28,1803, 690104, 1,
march28,1803, 710503, 1,
march28,1803, 710708, 2,
march28,1805, 690104, 2,
march28,1805, 710503, 3,
march28,1805, 710804, 3,
march28,1805, 710307, 2,
march28,1805, 690207, 2,
march28,1807, 710501, 1,
march28,1807, 710205, 1,
march28,1807, 710406, 1,
march28,1809, 910101, 1,
march28,1809, 710503, 1,
march28,1809, 710205, 1,
march28,1809, 350107, 3,
march28,1809, 710307, 1,
march28,1810, 910101, 1,
march28,1810, 710203, 1,
march28,1810, 710804, 2,
march28,1810, 710406, 1,
march28,1813, 910101, 1,
march28,1814, 710503, 2,
march28,1814, 710804, 1,
march28,1814, 710406, 1,
march28,1814, 690207, 1,
march28,1814, 711004, 1,
march28,1817, 910101, 1,
march28,1817, 710203, 6,
march28,1817, 690104, 1,
march28,1817, 710503, 1,
march28,1817, 710205, 2,
march28,1817, 710804, 2,
march28,1817, 690207, 4,
march28,1817, 710610, 3,
march28,1817, 710710, 1,
march28,1821, 710501, 1,
march28,1821, 710503, 1,
march28,1821, 710307, 1,
march28,1821, 710708, 1,
march28,1822, 710501, 1,
march28,1826, 710203, 1,
march28,1826, 710406, 1,
march28,1831, 910101, 1,
march28,1831, 350107, 1,
march28,1834, 710203, 2,
march28,1834, 690104, 1,
march28,1837, 710501, 1,
march28,1837, 710205, 2,
march28,1837, 710511, 1,
march28,1838, 710503, 1,
march28,1838, 710610, 1,
march28,1839, 910101, 1,
march28,1839, 710501, 1,
march28,1839, 710203, 1,
march28,1839, 710503, 2,
march28,1839, 710205, 3,
march28,1839, 710804, 5,
march28,1839, 710406, 2,
march28,1839, 710307, 3,
march28,1839, 690207, 4,
march28,1839, 710708, 1,
march28,1839, 711004, 6,
march28,1839, 710610, 1,
march28,1844, 690104, 1,
march28,1844, 710503, 1,
march28,1846, 350107, 1,
march28,1849, 910101, 1,
march28,1849, 350107, 1,
march28,1849, 710610, 3,
march28,1851, 710203, 2,
march28,1851, 710503, 1,
march28,1851, 710205, 1,
march28,1851, 710406, 2,
march28,1851, 690207, 1,
march28,1851, 710708, 1,
march28,1852, 710101, 1,
march28,1852, 690104, 2,
march28,1852, 710205, 1,
march28,1852, 350107, 1,
march28,1852, 710804, 1,
march28,1856, 710203, 2,
march28,1856, 350107, 2,
march28,1856, , 3,
march28,1858, 710608, 3,
march28,1895, 710708, 1,
march28,1899, 710501, 1,
march28,1899, 690104, 1,
march28,1899, 710503, 1,
march28,1899, 711004, 1,
march28,1903, 910101, 1,
march28,1903, 710203, 1,
march28,1903, 690104, 2,
march28,1903, 350107, 2,
march28,1903, 710406, 1,
march28,1903, 710307, 1,
march28,1903, 710708, 1,
march28,2007, , 1,
march28,2007, 711004, 1,
march28,2364, 710503, 1,
march28,2407, 710101, 1,
march28,2407, 910101, 2,
march28,2407, , 4,
march28,2407, 710203, 1,
march28,2407, 690104, 1,
march28,2407, 710503, 2,
march28,2407, 710406, 3,
march28,2407, 710307, 1,
march28,2407, 690207, 1,
march28,2479, 710203, 2,
march28,2629, 710503, 1,
march28,2629, 710511, 1,
march28,2691, 910101, 1,
march28,2691, 690104, 3,
march28,2691, 710804, 2,
march28,2691, 690207, 1,
march28,2691, 710608, 1,
march28,2691, 711004, 1,
march28,2734, , 2,
march28,2734, 710203, 2,
march28,2734, 710503, 1,
march28,2734, 710205, 1,
march28,2734, 350107, 1,
march28,2734, 710406, 2,
march28,2734, 690207, 1,
march28,2902, 710203, 1,
march28,2902, 690104, 7,
march28,2902, 710503, 5,
march28,2902, 710205, 2,
march28,2902, 350107, 2,
march28,2902, 710804, 7,
march28,2902, 710406, 2,
march28,2902, 710307, 3,
march28,2902, 690207, 1,
march28,2902, 710608, 6,
march28,2902, 710708, 4,
march28,2902, 710710, 4,
march29,1046, 710101, 1,
march29,1046, 710203, 1,
march29,1046, 710804, 1,
march29,1049, 710101, 1,
march29,1049, 710710, 1,
march29,1051, 910101, 2,
march29,1051, 350107, 1,
march29,1082, 710101, 1,
march29,1082, 710203, 1,
march29,1082, 710205, 1,
march29,1082, 710610, 1,
march29,1088, 710101, 1,
march29,1088, 910101, 1,
march29,1088, 710610, 1,
march29,1090, 910101, 2,
march29,1097, 910101, 2,
march29,1097, 690104, 3,
march29,1097, 710307, 1,
march29,1097, 690207, 1,
march29,1099, 690104, 2,
march29,1099, 710804, 1,
march29,1099, 710511, 2,
march29,1100, 710205, 1,
march29,1141, 910101, 3,
march29,1141, 710205, 3,
march29,1141, 350107, 1,
march29,1141, 710804, 2,
march29,1141, 710307, 2,
march29,1141, 690207, 2,
march29,1141, 710608, 2,
march29,1141, 710708, 1,
march29,1425, 910101, 1,
march29,1425, 710203, 2,
march29,1427, 910101, 2,
march29,1427, 710203, 1,
march29,1427, 710804, 5,
march29,1427, 710406, 9,
march29,1427, 710307, 1,
march29,1427, 710608, 1,
march29,1429, 710205, 1,
march29,1429, 710804, 1,
march29,1433, 710203, 3,
march29,1433, 690104, 1,
march29,1433, 350107, 1,
march29,1442, 350107, 1,
march29,1446, 350107, 3,
march29,1452, 690104, 1,
march29,1796, 690104, 2,
march29,1798, 710205, 2,
march29,1799, 710406, 1,
march29,1799, 710307, 2,
march29,1801, 710205, 1,
march29,1801, 710804, 6,
march29,1801, 710406, 9,
march29,1803, 690104, 1,
march29,1803, 710406, 3,
march29,1803, 710307, 3,
march29,1805, 350107, 2,
march29,1805, 710804, 4,
march29,1805, 710406, 2,
march29,1805, 711004, 1,
march29,1807, 710203, 2,
march29,1807, 710710, 2,
march29,1807, 710511, 1,
march29,1809, 910101, 3,
march29,1809, 710203, 1,
march29,1809, 690104, 1,
march29,1809, 350107, 2,
march29,1809, 710406, 2,
march29,1810, 690104, 1,
march29,1810, 710205, 3,
march29,1810, 710804, 1,
march29,1810, 710307, 2,
march29,1813, 710804, 1,
march29,1813, 710406, 1,
march29,1814, 690104, 1,
march29,1814, 710406, 1,
march29,1814, 710307, 1,
march29,1817, 910101, 1,
march29,1817, 690104, 1,
march29,1817, 710804, 1,
march29,1817, 710406, 2,
march29,1817, 710307, 1,
march29,1817, 710708, 1,
march29,1817, 711004, 1,
march29,1817, 710610, 2,
march29,1817, 710710, 2,
march29,1821, 910101, 1,
march29,1821, 690104, 1,
march29,1821, 350107, 4,
march29,1821, 710406, 1,
march29,1821, 690207, 1,
march29,1822, 690104, 1,
march29,1822, 710804, 1,
march29,1822, 710708, 1,
march29,1826, 710101, 2,
march29,1826, 710203, 1,
march29,1826, 690104, 1,
march29,1826, 710608, 1,
march29,1827, 910101, 1,
march29,1831, 690104, 2,
march29,1831, 710307, 1,
march29,1831, 710608, 1,
march29,1831, 710708, 1,
march29,1834, 710101, 1,
march29,1837, 690104, 1,
march29,1837, 710804, 1,
march29,1838, 710804, 3,
march29,1838, 710406, 1,
march29,1838, 710610, 1,
march29,1839, 710203, 3,
march29,1839, 710205, 4,
march29,1839, 350107, 2,
march29,1839, 710804, 5,
march29,1839, 710406, 3,
march29,1839, 710307, 7,
march29,1839, 710708, 3,
march29,1839, 710710, 1,
march29,1842, 710608, 1,
march29,1849, 350107, 1,
march29,1849, 690207, 2,
march29,1849, 710708, 1,
march29,1851, 910101, 1,
march29,1851, 710406, 3,
march29,1851, 710307, 1,
march29,1851, 690207, 1,
march29,1851, 710708, 2,
march29,1852, 710101, 2,
march29,1852, 910101, 1,
march29,1852, 690104, 2,
march29,1852, 350107, 1,
march29,1852, 710804, 1,
march29,1852, 710307, 1,
march29,1856, 710101, 1,
march29,1856, 710205, 3,
march29,1856, 710307, 1,
march29,1858, 710710, 1,
march29,1894, 710203, 1,
march29,1894, 690104, 1,
march29,1894, 710205, 1,
march29,1894, 690207, 1,
march29,1895, 690104, 1,
march29,1895, 710205, 1,
march29,1895, 690207, 1,
march29,1899, 690104, 1,
march29,1903, 710205, 2,
march29,1903, 350107, 2,
march29,1903, 710804, 5,
march29,1903, 710406, 3,
march29,1903, 710307, 1,
march29,1903, 711004, 1,
march29,2007, 690104, 1,
march29,2007, 710205, 1,
march29,2297, 910101, 1,
march29,2364, 710804, 1,
march29,2407, 710101, 2,
march29,2407, 910101, 2,
march29,2407, 710203, 2,
march29,2407, 350107, 3,
march29,2407, 710406, 3,
march29,2407, 710307, 1,
march29,2407, 710708, 1,
march29,2407, 710610, 1,
march29,2407, 710710, 2,
march29,2479, 710203, 1,
march29,2479, 710804, 1,
march29,2575, 710203, 1,
march29,2575, 710804, 1,
march29,2575, 710307, 3,
march29,2594, 710205, 1,
march29,2691, 910101, 2,
march29,2691, 710205, 2,
march29,2691, 350107, 1,
march29,2691, 710804, 1,
march29,2691, 710406, 1,
march29,2691, 710307, 1,
march29,2691, 690207, 1,
march29,2691, 710708, 1,
march29,2691, 710511, 2,
march29,2734, 710203, 2,
march29,2734, 710804, 4,
march29,2734, 710307, 1,
march29,2902, 910101, 6,
march29,2902, 710203, 4,
march29,2902, 690104, 3,
march29,2902, 710205, 1,
march29,2902, 350107, 4,
march29,2902, 710804, 6,
march29,2902, 710406, 2,
march29,2902, 710307, 6,
march29,2902, 690207, 1,
march29,2902, 710608, 5,
march29,2902, 710708, 3,
march29,2902, 711004, 3,
march29,2902, 710610, 5,
march29,2902, 710710, 2,
march29,2902, 710511, 2,
march30,1046, 710101, 1,
march30,1046, 710205, 1,
march30,1046, 350107, 1,
march30,1049, 710101, 1,
march30,1049, 910101, 2,
march30,1051, 690207, 1,
march30,1082, 910101, 1,
march30,1082, 710203, 1,
march30,1082, 710610, 3,
march30,1088, 710101, 1,
march30,1088, 710203, 1,
march30,1090, 910101, 1,
march30,1090, 710307, 1,
march30,1100, 710203, 1,
march30,1100, 710205, 1,
march30,1141, 910101, 2,
march30,1141, 710203, 1,
march30,1141, 710205, 3,
march30,1141, 350107, 1,
march30,1141, 710511, 1,
march30,1425, 710203, 1,
march30,1427, 710203, 1,
march30,1427, 350107, 7,
march30,1429, 710610, 1,
march30,1433, 710203, 1,
march30,1433, 690104, 1,
march30,1446, 910101, 1,
march30,1446, 710205, 1,
march30,1796, 710205, 1,
march30,1796, 710406, 2,
march30,1798, 710205, 1,
march30,1799, 910101, 1,
march30,1799, 710205, 1,
march30,1801, 710205, 1,
march30,1801, 350107, 2,
march30,1801, 710406, 9,
march30,1803, 690104, 1,
march30,1803, 710205, 1,
march30,1803, 710406, 2,
march30,1803, 710307, 3,
march30,1803, 710708, 1,
march30,1805, 690104, 1,
march30,1805, 710406, 1,
march30,1805, 710708, 1,
march30,1805, 710710, 1,
march30,1807, 710406, 2,
march30,1809, 910101, 1,
march30,1809, 710203, 1,
march30,1809, 350107, 1,
march30,1809, 710406, 1,
march30,1809, 710710, 1,
march30,1810, 710203, 2,
march30,1810, 690104, 1,
march30,1810, 710205, 2,
march30,1810, 710406, 3,
march30,1810, 711004, 2,
march30,1814, 710205, 1,
march30,1817, 710203, 3,
march30,1817, 690104, 2,
march30,1817, 710406, 1,
march30,1817, 710307, 1,
march30,1817, 711004, 1,
march30,1817, 710710, 1,
march30,1821, 710203, 1,
march30,1821, 350107, 1,
march30,1821, 710406, 6,
march30,1821, 710307, 2,
march30,1821, 690207, 1,
march30,1821, 710708, 2,
march30,1827, 710203, 1,
march30,1827, 710608, 1,
march30,1829, 710406, 1,
march30,1831, 910101, 1,
march30,1831, 690104, 2,
march30,1831, 710307, 1,
march30,1834, 710608, 2,
march30,1837, 710101, 1,
march30,1838, 690104, 1,
march30,1839, 910101, 2,
march30,1839, 690104, 2,
march30,1839, 710205, 3,
march30,1839, 350107, 1,
march30,1839, 710406, 3,
march30,1839, 710307, 2,
march30,1839, 690207, 1,
march30,1839, 710608, 2,
march30,1839, 710708, 3,
march30,1839, 711004, 3,
march30,1839, 710610, 1,
march30,1849, 710205, 1,
march30,1851, 710101, 1,
march30,1851, 910101, 4,
march30,1851, 710205, 2,
march30,1851, 690207, 1,
march30,1852, 910101, 1,
march30,1852, 710205, 5,
march30,1852, 350107, 1,
march30,1852, 710307, 2,
march30,1852, 690207, 2,
march30,1854, 710307, 1,
march30,1854, 711004, 1,
march30,1856, 710101, 1,
march30,1856, 710203, 2,
march30,1856, 350107, 1,
march30,1856, 710406, 1,
march30,1894, 710203, 1,
march30,1894, 710205, 2,
march30,1894, 350107, 1,
march30,1894, 710307, 1,
march30,1895, 710406, 1,
march30,1899, 690104, 1,
march30,1899, 710307, 1,
march30,1899, 711004, 1,
march30,1901, 350107, 2,
march30,1903, 690104, 1,
march30,1903, 710205, 1,
march30,1903, 710608, 1,
march30,1903, 710708, 2,
march30,2007, 711004, 1,
march30,2297, 690207, 1,
march30,2297, 710708, 1,
march30,2364, 690104, 1,
march30,2364, 710307, 1,
march30,2364, 690207, 1,
march30,2407, 710101, 4,
march30,2407, 910101, 3,
march30,2407, 710203, 3,
march30,2407, 690104, 6,
march30,2407, 710406, 2,
march30,2407, 710307, 2,
march30,2407, 710610, 2,
march30,2407, 710710, 1,
march30,2409, 710205, 5,
march30,2479, 710203, 1,
march30,2575, 710708, 1,
march30,2594, 690104, 2,
march30,2691, 710101, 1,
march30,2691, 910101, 1,
march30,2691, 690104, 3,
march30,2691, 710205, 1,
march30,2691, 710608, 1,
march30,2691, 710708, 3,
march30,2734, 710203, 1,
march30,2734, 350107, 2,
march30,2734, 710307, 1,
march30,2734, 711004, 1,
march30,2734, 710710, 3,
march30,2734, 710511, 1,
march30,2902, 710203, 3,
march30,2902, 690104, 9,
march30,2902, 350107, 2,
march30,2902, 710307, 1,
march30,2902, 690207, 1,
march30,2902, 710608, 2,
march30,2902, 710708, 4,
march30,2902, 710610, 2,
march30,2902, 710710, 3,
march30,2902, 710511, 3,
march31,1046, , 3,
march31,1049, 910101, 2,
march31,1049, 350107, 1,
march31,1051, 710501, 1,
march31,1082, 710501, 1,
march31,1082, , 12,
march31,1088, 710501, 2,
march31,1088, , 1,
march31,1088, 710205, 1,
march31,1088, 710804, 1,
march31,1090, 910101, 1,
march31,1090, , 6,
march31,1090, 690104, 2,
march31,1097, 910101, 1,
march31,1097, , 14,
march31,1099, , 6,
march31,1099, 710804, 1,
march31,1100, 910101, 2,
march31,1100, , 10,
march31,1141, 910101, 2,
march31,1141, 710501, 2,
march31,1141, 710804, 2,
march31,1141, 710307, 3,
march31,1141, 690207, 3,
march31,1425, 710501, 1,
march31,1425, 710203, 1,
march31,1425, 710205, 1,
march31,1427, 710203, 1,
march31,1427, , 1,
march31,1427, 350107, 4,
march31,1427, 710804, 2,
march31,1429, , 1,
march31,1433, 710501, 1,
march31,1433, 690104, 1,
march31,1433, 350107, 1,
march31,1442, , 1,
march31,1444, , 4,
march31,1444, 910101, 2,
march31,1446, , 22,
march31,1446, 350107, 1,
march31,1448, , 3,
march31,1450, , 2,
march31,1452, , 2,
march31,1796, 350107, 1,
march31,1798, 710205, 1,
march31,1798, 350107, 1,
march31,1799, 710501, 1,
march31,1801, 350107, 1,
march31,1801, 710804, 4,
march31,1803, 690104, 1,
march31,1803, 710804, 2,
march31,1805, 710501, 1,
march31,1807, 690104, 1,
march31,1807, 350107, 1,
march31,1809, 710203, 2,
march31,1809, 690104, 1,
march31,1810, 910101, 1,
march31,1810, 710203, 2,
march31,1810, 690104, 2,
march31,1810, 710205, 2,
march31,1810, 350107, 1,
march31,1810, 710804, 2,
march31,1813, 710203, 1,
march31,1813, 690104, 2,
march31,1813, 350107, 1,
march31,1814, 710501, 2,
march31,1814, 350107, 1,
march31,1814, 710804, 1,
march31,1817, 710501, 1,
march31,1817, 690104, 2,
march31,1817, 710205, 1,
march31,1817, 350107, 1,
march31,1821, 710501, 2,
march31,1821, 710205, 1,
march31,1821, 710804, 1,
march31,1826, 710205, 1,
march31,1831, 710205, 1,
march31,1834, 350107, 1,
march31,1838, 710501, 1,
march31,1838, 690104, 1,
march31,1839, 910101, 1,
march31,1839, 710203, 5,
march31,1839, 690104, 1,
march31,1839, 710205, 2,
march31,1839, 350107, 2,
march31,1839, 710804, 4,
march31,1849, 710804, 1,
march31,1851, 910101, 1,
march31,1851, 710501, 1,
march31,1851, 710203, 1,
march31,1851, 690104, 2,
march31,1851, 350107, 1,
march31,1851, 710804, 1,
march31,1858, 710501, 1,
march31,1894, 690104, 1,
march31,1894, 350107, 1,
march31,1895, 710501, 1,
march31,1899, 710804, 4,
march31,1903, 910101, 1,
march31,1903, 710203, 1,
march31,1903, 690104, 2,
march31,1903, 710205, 2,
march31,2007, 710804, 1,
march31,2297, , 2,
march31,2407, 910101, 3,
march31,2407, 710501, 2,
march31,2407, 710203, 5,
march31,2407, 690104, 1,
march31,2407, 350107, 1,
march31,2409, , 4,
march31,2479, , 7,
march31,2594, 710501, 1,
march31,2594, , 1,
march31,2596, 710501, 2,
march31,2596, , 22,
march31,2691, 910101, 3,
march31,2691, , 4,
march31,2691, 710205, 1,
march31,2691, 710804, 2,
march31,2734, 710501, 1,
march31,2734, 710203, 1,
march31,2902, 710501, 11,
march31,2902, 710203, 1,
march31,2902, , 24,
march31,2902, 690104, 5,
march31,2902, 710205, 5,
march31,2902, 350107, 1,
march31,2902, 710804, 2,
march31,2902, 710307, 3,
march31,2902, 690207, 1,
april1,1046, 910101, 1,
april1,1046, 710501, 1,
april1,1046, 710503, 1,
april1,1046, 710406, 2,
april1,1049, 710205, 1,
april1,1051, 910101, 2,
april1,1051, 710501, 1,
april1,1082, 710203, 1,
april1,1082, 710205, 1,
april1,1082, 350107, 1,
april1,1088, 710101, 1,
april1,1088, 710205, 1,
april1,1088, 711004, 1,
april1,1090, 910101, 2,
april1,1090, 710205, 1,
april1,1097, 710203, 1,
april1,1100, 710205, 2,
april1,1100, 710406, 1,
april1,1100, 710610, 1,
april1,1141, 910101, 1,
april1,1141, 710501, 1,
april1,1141, 710203, 1,
april1,1141, 710503, 2,
april1,1141, 710307, 1,
april1,1141, 710511, 1,
april1,1425, 910101, 1,
april1,1425, 710203, 5,
april1,1427, 910101, 1,
april1,1427, 710503, 1,
april1,1427, 710406, 6,
april1,1427, 710608, 1,
april1,1433, 910101, 1,
april1,1433, 710501, 1,
april1,1433, 350107, 2,
april1,1435, 710406, 1,
april1,1437, 710101, 1,
april1,1442, 710406, 1,
april1,1446, 910101, 2,
april1,1446, 710501, 1,
april1,1446, 710205, 1,
april1,1457, 710406, 1,
april1,1796, 710101, 5,
april1,1796, 350107, 2,
april1,1799, 710203, 2,
april1,1799, 350107, 1,
april1,1801, 710501, 1,
april1,1801, 710205, 1,
april1,1801, 710406, 14,
april1,1803, 710205, 1,
april1,1803, 710406, 2,
april1,1803, 711004, 1,
april1,1805, 710503, 6,
april1,1805, 350107, 1,
april1,1805, 710406, 2,
april1,1807, 690104, 3,
april1,1807, 710503, 2,
april1,1809, 910101, 1,
april1,1809, 710501, 2,
april1,1809, 710205, 1,
april1,1809, 350107, 2,
april1,1809, 710406, 1,
april1,1810, 910101, 1,
april1,1810, 710203, 2,
april1,1810, 690104, 2,
april1,1810, 710406, 2,
april1,1810, 710307, 1,
april1,1810, 710511, 1,
april1,1813, 710101, 1,
april1,1813, 910101, 1,
april1,1813, 690104, 1,
april1,1814, 910101, 1,
april1,1814, 710205, 1,
april1,1814, 710406, 1,
april1,1814, 710307, 1,
april1,1817, 710501, 2,
april1,1817, 690104, 1,
april1,1817, 710503, 2,
april1,1817, 710205, 1,
april1,1817, 710307, 1,
april1,1817, 710608, 2,
april1,1817, 711004, 1,
april1,1817, 710511, 1,
april1,1821, 710501, 1,
april1,1821, 690104, 1,
april1,1821, 710503, 1,
april1,1821, 350107, 1,
april1,1821, 710406, 5,
april1,1821, 710511, 2,
april1,1822, 350107, 1,
april1,1822, 710406, 1,
april1,1822, 710511, 6,
april1,1826, 910101, 1,
april1,1829, 710203, 1,
april1,1831, 710101, 2,
april1,1831, 910101, 2,
april1,1831, 690104, 2,
april1,1833, 690104, 1,
april1,1834, 710501, 1,
april1,1834, 710205, 1,
april1,1834, 350107, 1,
april1,1834, 710307, 1,
april1,1838, 710101, 1,
april1,1839, 710203, 5,
april1,1839, 690104, 1,
april1,1839, 710503, 2,
april1,1839, 710205, 4,
april1,1839, 710406, 1,
april1,1839, 710307, 1,
april1,1839, 710608, 2,
april1,1842, 710501, 1,
april1,1842, 710511, 4,
april1,1846, 710511, 10,
april1,1849, 910101, 1,
april1,1849, 710501, 2,
april1,1849, 690104, 3,
april1,1849, 350107, 4,
april1,1849, 710406, 1,
april1,1849, 710608, 1,
april1,1849, 711004, 2,
april1,1849, 710511, 17,
april1,1851, 910101, 1,
april1,1852, 710501, 1,
april1,1852, 710203, 4,
april1,1852, 710205, 1,
april1,1852, 350107, 1,
april1,1852, 710406, 2,
april1,1854, 710406, 1,
april1,1856, 710101, 1,
april1,1856, 711004, 1,
april1,1858, 710205, 2,
april1,1858, 711004, 1,
april1,1894, 710203, 1,
april1,1894, 350107, 2,
april1,1894, 710406, 3,
april1,1895, 710608, 1,
april1,1899, 350107, 1,
april1,1899, 710608, 1,
april1,1899, 710610, 1,
april1,1903, 690104, 2,
april1,1903, 710205, 1,
april1,1903, 710307, 1,
april1,2407, 710101, 4,
april1,2407, 910101, 3,
april1,2407, 710501, 1,
april1,2407, 710203, 2,
april1,2407, 710503, 2,
april1,2407, 710205, 1,
april1,2407, 350107, 1,
april1,2407, 710406, 3,
april1,2407, 710307, 1,
april1,2407, 710511, 1,
april1,2479, 710203, 1,
april1,2479, 710503, 1,
april1,2575, 710511, 2,
april1,2594, 710203, 1,
april1,2594, 710503, 1,
april1,2594, 350107, 1,
april1,2629, 350107, 2,
april1,2691, 710101, 1,
april1,2691, 910101, 1,
april1,2691, 710501, 2,
april1,2691, 710205, 2,
april1,2691, 350107, 1,
april1,2691, 711004, 1,
april1,2691, 710610, 2,
april1,2734, 910101, 1,
april1,2734, 350107, 1,
april1,2734, 710406, 1,
april1,2734, 710307, 6,
april1,2734, 710608, 1,
april1,2902, 690104, 5,
april1,2902, 710503, 4,
april1,2902, 710205, 2,
april1,2902, 350107, 9,
april1,2902, 710406, 3,
april1,2902, 710307, 4,
april1,2902, 710608, 1,
april1,2902, 711004, 3,
april1,2902, 710610, 6,
april1,2902, 710511, 1,
april4,1046, 710501, 1,
april4,1046, 710203, 1,
april4,1046, 710406, 1,
april4,1049, 710101, 1,
april4,1049, 710503, 1,
april4,1049, 710205, 1,
april4,1049, 710307, 1,
april4,1051, 710501, 1,
april4,1051, 710203, 1,
april4,1051, 710205, 3,
april4,1082, 710101, 1,
april4,1082, 710503, 1,
april4,1082, 710307, 1,
april4,1088, 710101, 1,
april4,1088, 710205, 1,
april4,1088, 710406, 2,
april4,1090, 710203, 2,
april4,1097, 710501, 1,
april4,1099, 710203, 1,
april4,1100, 710203, 2,
april4,1100, 710205, 1,
april4,1100, 710610, 1,
april4,1141, 710101, 2,
april4,1141, 910101, 2,
april4,1141, 710501, 2,
april4,1141, 690104, 1,
april4,1141, 710503, 2,
april4,1141, 350107, 3,
april4,1141, 710406, 2,
april4,1425, 910101, 1,
april4,1425, 710203, 3,
april4,1425, 690104, 1,
april4,1425, 710503, 2,
april4,1433, 710503, 1,
april4,1433, 350107, 1,
april4,1433, 690207, 1,
april4,1439, 710101, 1,
april4,1442, 710205, 2,
april4,1444, 690104, 1,
april4,1446, 710203, 1,
april4,1446, 350107, 1,
april4,1448, 710501, 1,
april4,1457, 690104, 1,
april4,1796, 710307, 1,
april4,1796, 711004, 1,
april4,1798, 710503, 2,
april4,1798, 710205, 2,
april4,1799, 710406, 3,
april4,1801, 910101, 1,
april4,1801, 710205, 1,
april4,1801, 350107, 1,
april4,1801, 710406, 2,
april4,1803, 690104, 1,
april4,1803, 710307, 1,
april4,1805, 710203, 2,
april4,1805, 710503, 2,
april4,1805, 710406, 5,
april4,1805, 710307, 1,
april4,1805, 690207, 1,
april4,1807, 710503, 3,
april4,1807, 350107, 1,
april4,1807, 710307, 3,
april4,1807, 710610, 1,
april4,1809, 710406, 1,
april4,1810, 910101, 1,
april4,1810, 690104, 1,
april4,1810, 710406, 1,
april4,1813, 710101, 1,
april4,1813, 710503, 2,
april4,1814, 910101, 1,
april4,1814, 710501, 1,
april4,1814, 690104, 2,
april4,1817, 710501, 4,
april4,1817, 710203, 1,
april4,1817, 710503, 1,
april4,1817, 710205, 3,
april4,1817, 350107, 1,
april4,1817, 690207, 2,
april4,1817, 711004, 1,
april4,1817, 710610, 1,
april4,1821, 710203, 1,
april4,1821, 710503, 3,
april4,1821, 350107, 1,
april4,1822, 710205, 2,
april4,1826, 910101, 1,
april4,1829, 710307, 1,
april4,1831, 710203, 1,
april4,1831, 710406, 2,
april4,1831, 710307, 1,
april4,1833, 710101, 1,
april4,1834, 910101, 2,
april4,1834, 710501, 1,
april4,1834, 710406, 1,
april4,1838, 710307, 2,
april4,1839, 910101, 1,
april4,1839, 710501, 2,
april4,1839, 690104, 1,
april4,1839, 710503, 2,
april4,1839, 710205, 1,
april4,1839, 710406, 2,
april4,1839, 710307, 1,
april4,1839, 711004, 3,
april4,1839, 710610, 4,
april4,1849, 710501, 2,
april4,1849, 710205, 1,
april4,1849, 690207, 1,
april4,1851, 910101, 3,
april4,1851, 710203, 2,
april4,1851, 710503, 2,
april4,1851, 710205, 1,
april4,1851, 350107, 1,
april4,1851, 710406, 1,
april4,1852, 710101, 1,
april4,1852, 710203, 1,
april4,1856, 710101, 1,
april4,1856, 350107, 1,
april4,1858, 711004, 1,
april4,1894, 710203, 1,
april4,1894, 710503, 1,
april4,1894, 710406, 2,
april4,1895, 710205, 1,
april4,1899, , 1,
april4,1901, 710203, 1,
april4,1901, 710406, 1,
april4,1903, 710101, 1,
april4,1903, 690104, 3,
april4,1903, 350107, 1,
april4,1903, 710406, 3,
april4,2407, 710101, 2,
april4,2407, 710501, 3,
april4,2407, 710203, 7,
april4,2407, 690104, 2,
april4,2407, 710503, 1,
april4,2407, 710205, 2,
april4,2407, 350107, 3,
april4,2407, 710406, 1,
april4,2407, 710307, 1,
april4,2407, 710610, 2,
april4,2479, 710503, 1,
april4,2594, 710501, 1,
april4,2691, 690104, 2,
april4,2691, 710503, 1,
april4,2691, 710205, 2,
april4,2691, 350107, 4,
april4,2691, 710406, 2,
april4,2734, 710203, 2,
april4,2734, 710503, 1,
april4,2734, 350107, 2,
april4,2734, 710406, 1,
april4,2734, 710307, 1,
april4,2902, 690104, 7,
april4,2902, 710503, 1,
april4,2902, 710205, 1,
april4,2902, 350107, 10,
april4,2902, 690207, 1,
april4,2902, 710608, 1,
april4,2902, 710610, 1,
april4,2902, 710511, 2,
april5,1046, 710101, 1,
april5,1046, 710203, 2,
april5,1046, 710804, 1,
april5,1049, 710503, 1,
april5,1049, 710307, 1,
april5,1051, 710501, 2,
april5,1051, 710203, 1,
april5,1051, 710205, 2,
april5,1051, , 11,
april5,1082, 690104, 1,
april5,1082, 710608, 1,
april5,1082, 710610, 1,
april5,1088, 710101, 1,
april5,1088, 710503, 2,
april5,1088, 710205, 3,
april5,1090, 710203, 1,
april5,1090, 690104, 1,
april5,1090, 710804, 2,
april5,1097, 710203, 3,
april5,1097, 690104, 1,
april5,1097, 710205, 1,
april5,1099, 710203, 1,
april5,1099, 690104, 2,
april5,1099, 710804, 1,
april5,1099, 710511, 2,
april5,1100, 710610, 1,
april5,1141, 710101, 1,
april5,1141, 910101, 2,
april5,1141, 710501, 2,
april5,1141, 350107, 2,
april5,1425, 910101, 3,
april5,1425, 710501, 1,
april5,1425, 710203, 4,
april5,1425, 710503, 1,
april5,1427, 690104, 1,
april5,1427, 710608, 1,
april5,1429, 710503, 2,
april5,1433, 710501, 1,
april5,1433, 710203, 1,
april5,1433, 710503, 1,
april5,1433, 710406, 2,
april5,1437, 710101, 3,
april5,1439, 710307, 1,
april5,1444, 710203, 1,
april5,1444, 710503, 1,
april5,1444, 710708, 1,
april5,1446, 710101, 1,
april5,1446, 710203, 2,
april5,1446, 710205, 1,
april5,1446, 710804, 5,
april5,1452, 690104, 1,
april5,1457, 710503, 1,
april5,1457, 710406, 1,
april5,1796, 710511, 1,
april5,1796, 710804, 1,
april5,1796, 710307, 1,
april5,1796, 710408, 1,
april5,1799, 710501, 1,
april5,1801, 710408, 1,
april5,1803, 690104, 1,
april5,1803, 710406, 1,
april5,1803, 710708, 1,
april5,1805, 710501, 2,
april5,1805, 710203, 2,
april5,1805, 710205, 1,
april5,1805, 710406, 2,
april5,1805, 710608, 1,
april5,1807, 710804, 1,
april5,1807, 710307, 1,
april5,1807, 710710, 1,
april5,1809, 910101, 2,
april5,1809, 710804, 2,
april5,1809, 710710, 1,
april5,1810, 710101, 1,
april5,1810, 710203, 1,
april5,1810, 690104, 1,
april5,1810, 710804, 5,
april5,1810, 710406, 2,
april5,1813, 690104, 1,
april5,1814, 710205, 1,
april5,1814, 710804, 2,
april5,1814, 711004, 1,
april5,1817, 910101, 1,
april5,1817, 710203, 1,
april5,1817, 711004, 1,
april5,1817, 710610, 2,
april5,1817, 710710, 1,
april5,1821, 710501, 1,
april5,1821, 710203, 1,
april5,1821, 690104, 1,
april5,1821, 710503, 3,
april5,1826, 710503, 1,
april5,1829, 710408, 1,
april5,1831, 710203, 1,
april5,1831, 710205, 1,
april5,1831, 710406, 1,
april5,1833, 710608, 2,
april5,1834, 710501, 2,
april5,1834, 710205, 1,
april5,1834, 710804, 1,
april5,1837, 910101, 1,
april5,1838, 710610, 1,
april5,1839, 910101, 1,
april5,1839, 690104, 1,
april5,1839, 710503, 2,
april5,1839, 710205, 5,
april5,1839, 710804, 3,
april5,1839, 710406, 1,
april5,1839, , 6,
april5,1839, 710608, 1,
april5,1839, 710708, 2,
april5,1839, 710610, 1,
april5,1839, 710710, 1,
april5,1842, 710710, 1,
april5,1849, 710205, 1,
april5,1849, 710511, 1,
april5,1851, 910101, 1,
april5,1851, 710501, 2,
april5,1851, 710203, 1,
april5,1851, 690104, 3,
april5,1851, 710503, 1,
april5,1851, 710205, 1,
april5,1851, 710608, 1,
april5,1851, 710408, 1,
april5,1851, 710511, 1,
april5,1852, 710203, 1,
april5,1852, 690104, 2,
april5,1852, 710205, 2,
april5,1852, 710608, 1,
april5,1856, 710101, 1,
april5,1856, 690104, 1,
april5,1858, 710205, 2,
april5,1894, 910101, 2,
april5,1894, 690104, 2,
april5,1894, 710503, 1,
april5,1894, 710406, 1,
april5,1894, 710307, 1,
april5,1899, 910101, 1,
april5,1899, 710203, 1,
april5,1899, 690104, 1,
april5,1899, 710804, 1,
april5,1899, 710307, 1,
april5,1899, 710408, 1,
april5,1903, 710804, 2,
april5,1903, 710406, 1,
april5,1903, 710307, 2,
april5,2007, 710307, 5,
april5,2297, 690104, 4,
april5,2297, 710708, 1,
april5,2407, 710101, 4,
april5,2407, 710203, 1,
april5,2407, 690104, 3,
april5,2407, 710503, 1,
april5,2407, 710205, 1,
april5,2407, 710406, 2,
april5,2407, 710708, 1,
april5,2407, 710610, 2,
april5,2479, 710501, 1,
april5,2479, 690104, 1,
april5,2575, 710408, 2,
april5,2594, 710503, 1,
april5,2594, 710708, 2,
april5,2691, 690104, 2,
april5,2691, 710205, 1,
april5,2691, 350107, 2,
april5,2691, 710307, 2,
april5,2691, 710608, 1,
april5,2691, 710708, 1,
april5,2691, 711004, 4,
april5,2734, 910101, 2,
april5,2734, 690104, 2,
april5,2734, 710503, 1,
april5,2734, 710205, 1,
april5,2734, 350107, 1,
april5,2902, 710203, 6,
april5,2902, 690104, 5,
april5,2902, 710503, 2,
april5,2902, 710205, 5,
april5,2902, 350107, 1,
april5,2902, 710406, 3,
april5,2902, 710307, 1,
april5,2902, 710608, 6,
april5,2902, 710708, 4,
april5,2902, 710710, 1,
april5,2902, 710511, 2,
april6,1046, 710101, 1,
april6,1046, 910101, 1,
april6,1046, 710501, 2,
april6,1046, 690104, 1,
april6,1046, 710205, 1,
april6,1049, 710101, 2,
april6,1049, 710205, 2,
april6,1051, 710501, 1,
april6,1051, 710708, 1,
april6,1082, 910101, 1,
april6,1082, 710203, 2,
april6,1082, 710608, 1,
april6,1082, 710610, 1,
april6,1088, 710101, 1,
april6,1088, 710205, 1,
april6,1090, 690104, 1,
april6,1090, 350107, 1,
april6,1097, 710101, 1,
april6,1097, 710203, 1,
april6,1097, 690104, 1,
april6,1099, 710501, 1,
april6,1100, 710203, 1,
april6,1100, 690104, 2,
april6,1100, 690207, 1,
april6,1141, 910101, 3,
april6,1141, 710501, 1,
april6,1141, 350107, 1,
april6,1141, 690207, 2,
april6,1425, 910101, 1,
april6,1425, 710203, 6,
april6,1425, 350107, 1,
april6,1425, 710406, 1,
april6,1425, 690207, 1,
april6,1427, 710203, 1,
april6,1427, 350107, 1,
april6,1427, 710406, 1,
april6,1427, 710610, 1,
april6,1431, 710205, 1,
april6,1433, 710205, 2,
april6,1433, 710406, 2,
april6,1433, 711004, 4,
april6,1444, 690104, 1,
april6,1446, 690104, 1,
april6,1446, 710503, 1,
april6,1446, 710804, 1,
april6,1796, 350107, 1,
april6,1796, 690207, 1,
april6,1799, 710804, 1,
april6,1803, 690104, 1,
april6,1803, 710205, 1,
april6,1803, 710406, 1,
april6,1803, 690207, 1,
april6,1803, 711004, 2,
april6,1805, 710511, 1,
april6,1805, 690104, 2,
april6,1805, 710503, 3,
april6,1805, 710205, 2,
april6,1805, 710804, 2,
april6,1805, 710406, 1,
april6,1807, 710503, 1,
april6,1807, 710205, 2,
april6,1807, 710804, 1,
april6,1807, 710710, 1,
april6,1809, 910101, 1,
april6,1809, 710203, 2,
april6,1809, 690104, 1,
april6,1809, 710205, 1,
april6,1809, 710406, 3,
april6,1809, 710708, 2,
april6,1809, 710710, 1,
april6,1810, 910101, 1,
april6,1810, 710501, 2,
april6,1810, 710203, 1,
april6,1810, 690104, 2,
april6,1810, 710503, 1,
april6,1810, 350107, 1,
april6,1810, 710406, 1,
april6,1810, 710608, 1,
april6,1813, 910101, 1,
april6,1813, 710203, 1,
april6,1813, 710804, 1,
april6,1813, 710708, 1,
april6,1814, 710501, 2,
april6,1814, 710406, 1,
april6,1817, 910101, 1,
april6,1817, 690104, 1,
april6,1817, 710205, 1,
april6,1817, 350107, 1,
april6,1817, 710804, 1,
april6,1817, 710406, 1,
april6,1817, 710608, 3,
april6,1817, 710708, 1,
april6,1817, 711004, 4,
april6,1821, 710503, 1,
april6,1821, 710205, 2,
april6,1821, 350107, 1,
april6,1822, 710501, 1,
april6,1829, 690104, 1,
april6,1829, 710406, 2,
april6,1831, 910101, 1,
april6,1831, 710503, 2,
april6,1831, 710804, 1,
april6,1831, 710406, 3,
april6,1833, 710101, 2,
april6,1834, 710610, 1,
april6,1839, 710101, 1,
april6,1839, 910101, 1,
april6,1839, 710501, 1,
april6,1839, 710503, 2,
april6,1839, 710205, 1,
april6,1839, 350107, 2,
april6,1839, 710804, 6,
april6,1839, 710406, 2,
april6,1839, 690207, 1,
april6,1839, 710608, 1,
april6,1839, 710708, 1,
april6,1839, 711004, 2,
april6,1849, 710501, 2,
april6,1849, 710503, 1,
april6,1849, 710205, 1,
april6,1849, 690207, 1,
april6,1851, 710101, 1,
april6,1851, 910101, 2,
april6,1851, 710203, 2,
april6,1851, 710205, 1,
april6,1851, 710804, 2,
april6,1851, 710406, 1,
april6,1851, 690207, 1,
april6,1852, 350107, 2,
april6,1852, 710804, 1,
april6,1852, 690207, 1,
april6,1852, 710511, 1,
april6,1856, 710101, 1,
april6,1856, 710203, 2,
april6,1856, 690207, 2,
april6,1858, 710205, 3,
april6,1894, 710203, 3,
april6,1894, 710205, 2,
april6,1895, 710503, 1,
april6,1895, 710205, 1,
april6,1895, 711004, 2,
april6,1899, 710203, 2,
april6,1899, 710503, 1,
april6,1899, 710205, 1,
april6,1901, 710804, 2,
april6,1903, 710203, 1,
april6,1903, 710503, 2,
april6,1903, 710205, 1,
april6,1903, 710406, 1,
april6,1903, 710708, 1,
april6,2297, 690104, 1,
april6,2407, 710101, 2,
april6,2407, 910101, 2,
april6,2407, 710501, 2,
april6,2407, 710203, 5,
april6,2407, 710205, 5,
april6,2407, 350107, 1,
april6,2407, 710804, 1,
april6,2407, 710406, 3,
april6,2407, 710610, 1,
april6,2407, 710511, 1,
april6,2409, 710501, 1,
april6,2479, 710203, 1,
april6,2479, 690207, 1,
april6,2594, 710708, 2,
april6,2691, 690104, 1,
april6,2691, 710205, 3,
april6,2691, 350107, 1,
april6,2691, 690207, 2,
april6,2734, 710101, 1,
april6,2734, 690104, 1,
april6,2734, 350107, 1,
april6,2734, 710710, 2,
april6,2902, 710203, 1,
april6,2902, 690104, 5,
april6,2902, 710503, 2,
april6,2902, 710205, 3,
april6,2902, 350107, 9,
april6,2902, 710804, 4,
april6,2902, 710406, 1,
april6,2902, 690207, 3,
april6,2902, 710608, 7,
april6,2902, 710708, 1,
april6,2902, 711004, 4,
april6,2902, 710610, 2,
april6,2902, 710710, 4,
april6,2902, 710511, 1,
april7,1046, 710101, 1,
april7,1046, 710203, 1,
april7,1046, 710804, 1,
april7,1046, 710406, 1,
april7,1046, 690207, 2,
april7,1046, 710608, 1,
april7,1049, 710503, 4,
april7,1049, 710205, 1,
april7,1051, 910101, 1,
april7,1051, 710501, 2,
april7,1082, 710205, 2,
april7,1082, 350107, 1,
april7,1082, 710610, 1,
april7,1088, 710501, 1,
april7,1088, 710205, 1,
april7,1088, 710406, 1,
april7,1088, 710307, 1,
april7,1088, , 5,
april7,1090, 710203, 1,
april7,1090, 710307, 4,
april7,1090, , 1,
april7,1097, 710101, 2,
april7,1097, 710203, 1,
april7,1097, 710406, 1,
april7,1099, 690104, 1,
april7,1100, 910101, 1,
april7,1100, 710503, 1,
april7,1100, 350107, 1,
april7,1141, 910101, 1,
april7,1141, 710501, 1,
april7,1141, 710203, 1,
april7,1141, 350107, 1,
april7,1141, 710804, 1,
april7,1141, 710708, 2,
april7,1425, 710203, 2,
april7,1425, 710406, 1,
april7,1425, 690207, 1,
april7,1427, 710101, 1,
april7,1427, 710501, 1,
april7,1427, 710203, 1,
april7,1427, 690104, 1,
april7,1429, 710804, 1,
april7,1431, 710501, 2,
april7,1431, 690104, 1,
april7,1433, 710101, 1,
april7,1433, 710501, 2,
april7,1433, 690104, 2,
april7,1433, 710406, 3,
april7,1433, 710307, 1,
april7,1437, 690207, 1,
april7,1439, 710205, 1,
april7,1444, , 3,
april7,1444, 710708, 1,
april7,1446, 910101, 1,
april7,1446, 690104, 4,
april7,1446, 350107, 2,
april7,1446, 710307, 2,
april7,1450, 910101, 1,
april7,1450, , 1,
april7,1452, 690104, 1,
april7,1796, 710203, 2,
april7,1801, 710804, 1,
april7,1801, 690207, 1,
april7,1803, 690207, 1,
april7,1803, 710708, 2,
april7,1805, 710503, 3,
april7,1805, 710307, 1,
april7,1807, 710205, 2,
april7,1807, 710307, 1,
april7,1809, 910101, 1,
april7,1809, 710203, 1,
april7,1809, 710205, 2,
april7,1809, 710406, 1,
april7,1810, 710501, 3,
april7,1810, 690104, 2,
april7,1810, 710503, 1,
april7,1810, 710804, 1,
april7,1810, 710307, 1,
april7,1810, 710610, 1,
april7,1813, 710203, 1,
april7,1813, 690104, 1,
april7,1813, 710804, 2,
april7,1814, 710501, 3,
april7,1817, 710501, 1,
april7,1817, 690104, 8,
april7,1817, 710503, 1,
april7,1817, 710804, 1,
april7,1817, 710307, 2,
april7,1817, 690207, 1,
april7,1817, 710608, 1,
april7,1817, 710610, 3,
april7,1817, 710511, 3,
april7,1821, 710501, 2,
april7,1821, 710503, 4,
april7,1821, 710205, 2,
april7,1821, 710804, 1,
april7,1826, 690207, 1,
april7,1827, 710101, 1,
april7,1827, 710501, 1,
april7,1831, 710203, 1,
april7,1831, 710205, 1,
april7,1834, 710501, 1,
april7,1834, 690104, 1,
april7,1839, 710501, 5,
april7,1839, 690104, 1,
april7,1839, 710503, 3,
april7,1839, 710205, 1,
april7,1839, 350107, 1,
april7,1839, 710804, 2,
april7,1839, 690207, 2,
april7,1839, 710708, 3,
april7,1849, 350107, 1,
april7,1849, 710406, 1,
april7,1851, 910101, 1,
april7,1851, 710501, 1,
april7,1851, 690207, 2,
april7,1851, 710608, 1,
april7,1851, 710710, 1,
april7,1852, 710307, 1,
april7,1852, 710608, 1,
april7,1856, 710101, 1,
april7,1856, 690104, 1,
april7,1856, 350107, 1,
april7,1856, 710307, 1,
april7,1856, 690207, 1,
april7,1858, 710205, 2,
april7,1894, 710501, 1,
april7,1894, 690104, 2,
april7,1894, 710406, 1,
april7,1895, 710205, 1,
april7,1899, 710503, 2,
april7,1899, 710205, 1,
april7,1903, 710203, 2,
april7,1903, 690104, 1,
april7,1903, 710205, 1,
april7,1903, 350107, 3,
april7,1903, 710804, 1,
april7,1903, 710307, 1,
april7,2297, 690104, 4,
april7,2297, 710503, 1,
april7,2297, 710710, 1,
april7,2364, 710511, 1,
april7,2407, 710101, 2,
april7,2407, 910101, 5,
april7,2407, 710501, 2,
april7,2407, 710203, 5,
april7,2407, 690104, 5,
april7,2407, 710503, 1,
april7,2407, 710205, 2,
april7,2407, 710804, 1,
april7,2407, 710406, 1,
april7,2407, 710307, 1,
april7,2407, , 3,
april7,2407, 710708, 2,
april7,2407, 710610, 1,
april7,2407, 710710, 1,
april7,2407, 710511, 1,
april7,2479, , 2,
april7,2575, 710501, 1,
april7,2575, 710205, 1,
april7,2594, 710511, 1,
april7,2691, 350107, 2,
april7,2691, 710406, 2,
april7,2691, , 4,
april7,2691, 690207, 4,
april7,2691, 710708, 1,
april7,2691, 710610, 2,
april7,2734, 710503, 2,
april7,2734, 710205, 4,
april7,2734, 710804, 2,
april7,2734, 710307, 2,
april7,2902, 710203, 2,
april7,2902, 690104, 4,
april7,2902, 710503, 2,
april7,2902, 710205, 5,
april7,2902, 350107, 3,
april7,2902, 710804, 5,
april7,2902, 710406, 1,
april7,2902, 710307, 2,
april7,2902, , 14,
april7,2902, 690207, 1,
april7,2902, 710608, 3,
april7,2902, 710708, 1,
april7,2902, 710610, 1,
april7,2902, 710710, 3,
april7,2902, 710511, 3,
april8,1046, 710101, 1,
april8,1046, 710501, 1,
april8,1046, 710503, 1,
april8,1046, , 3,
april8,1046, 710406, 1,
april8,1049, 710205, 1,
april8,1051, 710501, 1,
april8,1082, , 9,
april8,1082, 710203, 2,
april8,1082, 710610, 1,
april8,1082, 710511, 1,
april8,1088, 710101, 1,
april8,1088, , 2,
april8,1088, 350107, 1,
april8,1088, 710804, 1,
april8,1088, 710406, 1,
april8,1090, , 8,
april8,1090, 710203, 1,
april8,1090, 710406, 2,
april8,1090, 690207, 2,
april8,1097, , 1,
april8,1097, 710406, 1,
april8,1099, 710501, 4,
april8,1100, 710101, 1,
april8,1100, 710501, 1,
april8,1100, , 1,
april8,1100, 710205, 2,
april8,1100, 350107, 1,
april8,1100, 710610, 1,
april8,1141, 710101, 1,
april8,1141, 710501, 2,
april8,1141, , 5,
april8,1141, 710203, 1,
april8,1141, 350107, 3,
april8,1141, 710804, 5,
april8,1141, 690207, 1,
april8,1425, 710203, 3,
april8,1425, 350107, 1,
april8,1425, 710307, 2,
april8,1427, 710501, 1,
april8,1427, , 2,
april8,1427, 710203, 1,
april8,1429, 710203, 1,
april8,1433, 710101, 1,
april8,1433, 710501, 1,
april8,1433, , 2,
april8,1433, 710205, 1,
april8,1433, 350107, 1,
april8,1433, 710406, 2,
april8,1433, 690207, 1,
april8,1435, , 1,
april8,1437, 710101, 1,
april8,1439, , 1,
april8,1442, , 4,
april8,1444, , 1,
april8,1444, 350107, 1,
april8,1444, 710406, 1,
april8,1444, 710708, 1,
april8,1446, , 1,
april8,1446, 710503, 2,
april8,1446, 710804, 1,
april8,1446, 710307, 1,
april8,1448, , 2,
april8,1450, , 2,
april8,1452, , 8,
april8,1457, 711004, 1,
april8,1796, 710503, 1,
april8,1799, 710501, 1,
april8,1799, 690104, 1,
april8,1799, 710503, 1,
april8,1803, 710307, 3,
april8,1803, 710608, 1,
april8,1803, 710710, 3,
april8,1805, 710501, 1,
april8,1805, 710503, 2,
april8,1805, 350107, 5,
april8,1805, 710406, 4,
april8,1805, 710708, 2,
april8,1805, 710610, 4,
april8,1807, 710205, 3,
april8,1807, 710708, 1,
april8,1807, 711004, 1,
april8,1809, 710501, 2,
april8,1809, 710203, 1,
april8,1809, 350107, 1,
april8,1809, 710804, 2,
april8,1810, 710203, 1,
april8,1810, 690104, 1,
april8,1810, 710804, 3,
april8,1810, 710406, 3,
april8,1810, 690207, 1,
april8,1813, 710503, 1,
april8,1814, 710205, 1,
april8,1814, 350107, 1,
april8,1814, 711004, 1,
april8,1817, 690104, 1,
april8,1817, 710503, 5,
april8,1817, 710205, 7,
april8,1817, 350107, 1,
april8,1817, 710307, 5,
april8,1817, 690207, 4,
april8,1817, 711004, 2,
april8,1821, 710501, 2,
april8,1821, 350107, 3,
april8,1821, 710804, 1,
april8,1821, 710608, 1,
april8,1821, 710708, 1,
april8,1826, 350107, 1,
april8,1826, 710804, 1,
april8,1826, 710406, 1,
april8,1826, 690207, 1,
april8,1831, 710501, 1,
april8,1831, 710503, 1,
april8,1833, 690104, 1,
april8,1834, 710501, 1,
april8,1834, 710205, 1,
april8,1834, 710804, 1,
april8,1834, 710307, 2,
april8,1839, 690104, 1,
april8,1839, 710205, 2,
april8,1839, 710804, 1,
april8,1839, 710406, 1,
april8,1839, 710307, 1,
april8,1839, 690207, 1,
april8,1839, 710708, 1,
april8,1839, 711004, 1,
april8,1849, 710501, 1,
april8,1849, 710203, 1,
april8,1849, 350107, 1,
april8,1849, 690207, 2,
april8,1851, 710501, 1,
april8,1851, 710503, 1,
april8,1851, 710205, 2,
april8,1851, 350107, 4,
april8,1851, 710804, 1,
april8,1852, 710101, 2,
april8,1852, 690104, 1,
april8,1856, 710101, 1,
april8,1856, 350107, 2,
april8,1856, 690207, 2,
april8,1856, 710608, 1,
april8,1858, , 1,
april8,1894, 710203, 1,
april8,1894, 350107, 1,
april8,1894, 710406, 1,
april8,1895, 710503, 1,
april8,1899, 710203, 1,
april8,1899, 710503, 1,
april8,1903, 710203, 1,
april8,1903, 350107, 1,
april8,1903, 710804, 1,
april8,1903, 710406, 1,
april8,1903, 710307, 2,
april8,1903, 690207, 2,
april8,1903, 710608, 1,
april8,1903, 710708, 2,
april8,1903, 711004, 2,
april8,2007, , 1,
april8,2297, 710503, 3,
april8,2297, , 2,
april8,2407, 710101, 1,
april8,2407, , 1,
april8,2407, 710501, 1,
april8,2407, 710203, 2,
april8,2407, 690104, 1,
april8,2407, 710503, 2,
april8,2407, 690207, 1,
april8,2409, , 2,
april8,2479, 710203, 1,
april8,2479, , 2,
april8,2594, 690104, 1,
april8,2594, 350107, 1,
april8,2596, , 13,
april8,2629, , 1,
april8,2691, 690104, 1,
april8,2691, 710503, 1,
april8,2691, , 16,
april8,2691, 710205, 3,
april8,2691, 350107, 2,
april8,2691, 710804, 1,
april8,2691, 690207, 1,
april8,2691, 710610, 1,
april8,2734, 710501, 1,
april8,2734, , 4,
april8,2734, 350107, 2,
april8,2734, 710804, 1,
april8,2734, 710406, 2,
april8,2734, 710307, 2,
april8,2734, 710608, 1,
april8,2734, 710511, 1,
april8,2902, 710203, 3,
april8,2902, 690104, 6,
april8,2902, 710503, 4,
april8,2902, 350107, 2,
april8,2902, 710804, 7,
april8,2902, 710406, 3,
april8,2902, 710307, 2,
april8,2902, 690207, 1,
april8,2902, 710608, 5,
april8,2902, 710708, 1,
april8,2902, 711004, 8,
april8,2902, 710610, 3,
april8,2902, 710710, 7,
april8,2902, 710511, 2,
april11,1046, 710101, 1,
april11,1046, 710501, 2,
april11,1049, 710503, 1,
april11,1049, 710205, 1,
april11,1051, 690104, 1,
april11,1051, 710710, 1,
april11,1082, 690104, 4,
april11,1082, 710608, 1,
april11,1088, 710101, 1,
april11,1088, 710501, 2,
april11,1088, 710608, 1,
april11,1090, 910101, 3,
april11,1097, 710101, 2,
april11,1097, 710205, 3,
april11,1099, 710501, 1,
april11,1099, 690104, 1,
april11,1099, 710710, 2,
april11,1100, 690104, 1,
april11,1100, 710307, 1,
april11,1100, 710610, 1,
april11,1141, 910101, 3,
april11,1141, 710501, 3,
april11,1141, 350107, 2,
april11,1141, 690207, 2,
april11,1141, 710708, 1,
april11,1425, 710501, 1,
april11,1425, 710804, 1,
april11,1427, 910101, 1,
april11,1427, 710203, 1,
april11,1427, 710503, 1,
april11,1427, 710804, 4,
april11,1427, 710406, 3,
april11,1427, 710608, 1,
april11,1431, 710203, 1,
april11,1431, 710307, 1,
april11,1433, 710501, 1,
april11,1433, 710203, 2,
april11,1437, 710101, 1,
april11,1439, 690207, 5,
april11,1444, 710101, 1,
april11,1446, 710101, 1,
april11,1446, 910101, 1,
april11,1446, 710501, 2,
april11,1446, 710406, 1,
april11,1796, 710205, 1,
april11,1798, 710205, 1,
april11,1799, 710203, 1,
april11,1799, 710205, 1,
april11,1801, 710501, 1,
april11,1801, 710804, 6,
april11,1803, 690104, 1,
april11,1803, 710503, 1,
april11,1803, 710406, 2,
april11,1803, 710708, 1,
april11,1805, 910101, 2,
april11,1805, 690104, 3,
april11,1807, 710205, 1,
april11,1807, 710804, 1,
april11,1807, 710406, 1,
april11,1807, 690207, 2,
april11,1809, 910101, 1,
april11,1809, 710406, 2,
april11,1810, 350107, 1,
april11,1810, 710804, 3,
april11,1810, 710307, 1,
april11,1810, 711004, 1,
april11,1813, 910101, 2,
april11,1813, 710804, 2,
april11,1814, 710503, 1,
april11,1814, 710406, 1,
april11,1814, 711004, 1,
april11,1814, 710511, 1,
april11,1817, 710501, 2,
april11,1817, 710203, 3,
april11,1817, 710503, 1,
april11,1817, 710205, 2,
april11,1817, 710804, 1,
april11,1817, 710406, 4,
april11,1817, 690207, 2,
april11,1817, 710710, 2,
april11,1821, 710501, 2,
april11,1821, 690104, 1,
april11,1821, 710503, 3,
april11,1821, 690207, 1,
april11,1826, 910101, 1,
april11,1827, 910101, 1,
april11,1827, 710307, 10,
april11,1831, 910101, 1,
april11,1833, 910101, 1,
april11,1834, 910101, 1,
april11,1834, 710501, 1,
april11,1834, 710503, 1,
april11,1834, 710307, 2,
april11,1834, 711004, 1,
april11,1839, 910101, 1,
april11,1839, 710501, 1,
april11,1839, 690104, 1,
april11,1839, 710503, 2,
april11,1839, 710205, 2,
april11,1839, 710804, 3,
april11,1839, 711004, 3,
april11,1839, 710610, 2,
april11,1842, 710406, 1,
april11,1849, 710205, 1,
april11,1851, 910101, 2,
april11,1851, 710503, 1,
april11,1851, 710406, 1,
april11,1852, 710101, 3,
april11,1852, 710203, 2,
april11,1852, 710503, 1,
april11,1852, 710205, 1,
april11,1852, 690207, 1,
april11,1856, 710101, 1,
april11,1856, 910101, 1,
april11,1856, 710501, 1,
april11,1856, 350107, 1,
april11,1858, 710101, 1,
april11,1858, 710608, 3,
april11,1894, 350107, 1,
april11,1894, 710307, 1,
april11,1894, 710710, 1,
april11,1895, 910101, 1,
april11,1899, 350107, 2,
april11,1899, 710804, 1,
april11,1901, 350107, 1,
april11,1901, 710708, 1,
april11,1903, 910101, 1,
april11,1903, 690104, 1,
april11,1903, 710205, 3,
april11,1903, 710610, 3,
april11,2007, 710307, 1,
april11,2297, 710501, 1,
april11,2407, 710101, 3,
april11,2407, 910101, 2,
april11,2407, 710501, 3,
april11,2407, 710203, 2,
april11,2407, 690104, 7,
april11,2407, 710205, 2,
april11,2407, 710804, 1,
april11,2407, 710406, 3,
april11,2407, 690207, 1,
april11,2407, 711004, 1,
april11,2407, 710610, 2,
april11,2407, 710511, 1,
april11,2409, 710203, 1,
april11,2479, 710101, 1,
april11,2479, 910101, 1,
april11,2479, 710503, 1,
april11,2479, 710406, 1,
april11,2594, 710610, 1,
april11,2629, 910101, 1,
april11,2691, 690104, 2,
april11,2691, 710503, 5,
april11,2691, 710406, 1,
april11,2691, 710307, 3,
april11,2691, 690207, 1,
april11,2691, 710610, 1,
april11,2734, 350107, 1,
april11,2734, 710406, 1,
april11,2734, 710307, 1,
april11,2734, 710708, 2,
april11,2902, 710203, 1,
april11,2902, 690104, 3,
april11,2902, 710503, 4,
april11,2902, 710205, 2,
april11,2902, 350107, 1,
april11,2902, 710804, 9,
april11,2902, 710406, 1,
april11,2902, 710307, 1,
april11,2902, 690207, 1,
april11,2902, 710608, 3,
april11,2902, 710708, 2,
april11,2902, 711004, 4,
april11,2902, 710710, 1,
april11,2902, 710511, 4,
april12,1046, 710101, 1,
april12,1046, 710501, 1,
april12,1046, 710203, 1,
april12,1046, 710406, 1,
april12,1049, 710101, 1,
april12,1049, 910101, 1,
april12,1049, 710503, 1,
april12,1049, 710205, 2,
april12,1051, 710501, 2,
april12,1051, 710203, 1,
april12,1082, 690104, 1,
april12,1082, 350107, 3,
april12,1088, 710101, 1,
april12,1088, 710501, 1,
april12,1088, 710205, 1,
april12,1088, 350107, 2,
april12,1090, 910101, 1,
april12,1090, 710406, 1,
april12,1097, 710501, 1,
april12,1097, 710406, 1,
april12,1099, 710101, 1,
april12,1099, 710804, 1,
april12,1099, 710610, 1,
april12,1099, 710710, 2,
april12,1100, 710501, 2,
april12,1100, 690104, 1,
april12,1100, 710503, 1,
april12,1100, 710406, 1,
april12,1100, 690207, 1,
april12,1141, 910101, 1,
april12,1141, 710501, 1,
april12,1141, 350107, 1,
april12,1141, 710406, 1,
april12,1141, 710307, 1,
april12,1141, 710608, 2,
april12,1425, 910101, 1,
april12,1425, 710501, 1,
april12,1425, 710203, 2,
april12,1425, 690104, 1,
april12,1425, 690207, 1,
april12,1427, 710804, 6,
april12,1427, 710406, 4,
april12,1431, 350107, 1,
april12,1433, 710501, 2,
april12,1433, 690104, 1,
april12,1433, 350107, 1,
april12,1433, 710406, 2,
april12,1442, 710307, 2,
april12,1444, 690104, 1,
april12,1446, 710101, 2,
april12,1446, 710203, 2,
april12,1457, 350107, 1,
april12,1796, 690104, 1,
april12,1799, 710501, 1,
april12,1799, 690104, 1,
april12,1799, 710406, 1,
april12,1799, 710708, 1,
april12,1801, 710503, 1,
april12,1801, 710406, 15,
april12,1803, 910101, 3,
april12,1803, 690104, 1,
april12,1803, 710804, 1,
april12,1803, 710406, 3,
april12,1803, 690207, 1,
april12,1803, 710610, 2,
april12,1805, 710203, 2,
april12,1805, 690104, 1,
april12,1805, 710503, 3,
april12,1805, 710205, 4,
april12,1805, 710804, 4,
april12,1805, 710406, 1,
april12,1805, 690207, 1,
april12,1805, 710610, 1,
april12,1805, 710511, 1,
april12,1807, 710503, 1,
april12,1807, 710804, 1,
april12,1807, 690207, 1,
april12,1807, 710710, 1,
april12,1809, 910101, 1,
april12,1809, 350107, 3,
april12,1809, 710608, 1,
april12,1810, 710501, 1,
april12,1810, 710203, 1,
april12,1810, 690104, 1,
april12,1810, 710804, 2,
april12,1810, 690207, 2,
april12,1813, 710503, 2,
april12,1814, 690207, 1,
april12,1814, 710608, 1,
april12,1814, 711004, 1,
april12,1817, 710501, 1,
april12,1817, 710203, 3,
april12,1817, 710503, 2,
april12,1817, 710205, 2,
april12,1817, 710804, 3,
april12,1817, 710406, 1,
april12,1817, 690207, 1,
april12,1817, 710710, 2,
april12,1821, 690104, 2,
april12,1821, 710205, 1,
april12,1821, 350107, 2,
april12,1821, 710804, 1,
april12,1821, 710307, 1,
april12,1821, 690207, 1,
april12,1826, 710101, 2,
april12,1826, 910101, 1,
april12,1826, 690104, 1,
april12,1826, 710503, 1,
april12,1827, 710804, 1,
april12,1829, 690207, 2,
april12,1831, 910101, 1,
april12,1831, 350107, 1,
april12,1834, 710101, 1,
april12,1834, 710501, 2,
april12,1834, 710307, 4,
april12,1838, 710610, 1,
april12,1839, 910101, 1,
april12,1839, 710203, 6,
april12,1839, 710503, 1,
april12,1839, 350107, 3,
april12,1839, 710804, 2,
april12,1839, 710406, 1,
april12,1839, 710307, 10,
april12,1839, 690207, 1,
april12,1839, 710608, 2,
april12,1839, 710708, 1,
april12,1839, 710610, 1,
april12,1839, 710710, 2,
april12,1844, 710501, 1,
april12,1849, 710406, 2,
april12,1849, 710608, 1,
april12,1851, 910101, 1,
april12,1851, 710203, 1,
april12,1851, 690104, 2,
april12,1851, 710804, 1,
april12,1851, 710406, 1,
april12,1851, 710307, 1,
april12,1851, 711004, 1,
april12,1852, 690104, 2,
april12,1852, 350107, 3,
april12,1852, 710804, 1,
april12,1852, 710406, 2,
april12,1852, 690207, 1,
april12,1856, 710101, 1,
april12,1856, 690104, 1,
april12,1856, 710406, 1,
april12,1858, 690104, 1,
april12,1858, 710503, 2,
april12,1894, 910101, 2,
april12,1894, 350107, 1,
april12,1895, 710205, 1,
april12,1895, 710804, 1,
april12,1899, 910101, 1,
april12,1899, 710501, 1,
april12,1901, 710503, 1,
april12,1903, 910101, 1,
april12,1903, 690104, 1,
april12,1903, 710205, 2,
april12,1903, 350107, 3,
april12,1903, 690207, 1,
april12,1903, 710608, 5,
april12,2364, 690207, 1,
april12,2407, 710101, 5,
april12,2407, 710203, 3,
april12,2407, 690104, 1,
april12,2407, 710804, 1,
april12,2407, 710406, 1,
april12,2407, 710307, 1,
april12,2407, 710708, 3,
april12,2407, 710610, 2,
april12,2575, 710501, 1,
april12,2575, 350107, 1,
april12,2594, 710503, 1,
april12,2594, 710406, 1,
april12,2691, 710203, 1,
april12,2691, 690104, 1,
april12,2691, 350107, 2,
april12,2691, 710610, 5,
april12,2734, 710101, 1,
april12,2734, 710203, 1,
april12,2734, 710503, 1,
april12,2734, 710205, 3,
april12,2734, 350107, 1,
april12,2734, 710804, 1,
april12,2734, 710708, 1,
april12,2734, 711004, 2,
april12,2734, 710610, 1,
april12,2902, 710203, 3,
april12,2902, 690104, 4,
april12,2902, 710503, 1,
april12,2902, 710205, 4,
april12,2902, 350107, 2,
april12,2902, 710406, 5,
april12,2902, 710307, 10,
april12,2902, 710608, 4,
april12,2902, 710708, 5,
april12,2902, 711004, 1,
april12,2902, 710710, 1,
april12,2902, 710511, 2,
april13,1046, 710101, 1,
april13,1046, 910101, 1,
april13,1046, 710203, 1,
april13,1046, 710804, 1,
april13,1049, 910101, 2,
april13,1051, 350107, 2,
april13,1082, 710101, 1,
april13,1082, 710203, 2,
april13,1082, 710608, 1,
april13,1082, 710710, 1,
april13,1088, 710101, 1,
april13,1088, 710205, 2,
april13,1088, 710406, 1,
april13,1088, 711004, 1,
april13,1090, 910101, 3,
april13,1090, 710203, 1,
april13,1090, 710205, 1,
april13,1090, 710608, 1,
april13,1097, 710205, 1,
april13,1100, 710203, 1,
april13,1100, 690207, 1,
april13,1100, 710608, 1,
april13,1100, 710610, 1,
april13,1141, 910101, 3,
april13,1141, 710203, 1,
april13,1141, 710205, 2,
april13,1141, 350107, 1,
april13,1141, 710804, 1,
april13,1425, 710203, 2,
april13,1425, 710307, 1,
april13,1425, 690207, 1,
april13,1427, 710203, 2,
april13,1427, 350107, 15,
april13,1429, 710406, 1,
april13,1431, 350107, 1,
april13,1433, 710307, 2,
april13,1439, 710406, 1,
april13,1446, 350107, 1,
april13,1796, 910101, 1,
april13,1796, 710205, 1,
april13,1796, 350107, 1,
april13,1796, 710406, 2,
april13,1796, 710608, 1,
april13,1801, 710205, 1,
april13,1801, 710804, 2,
april13,1801, 710406, 12,
april13,1801, 710608, 1,
april13,1803, 350107, 2,
april13,1803, 710804, 1,
april13,1803, 710307, 1,
april13,1803, 690207, 1,
april13,1803, 710608, 1,
april13,1805, 710203, 1,
april13,1805, 350107, 2,
april13,1805, 710804, 2,
april13,1805, 710406, 1,
april13,1805, 710307, 1,
april13,1805, 710608, 2,
april13,1809, 910101, 1,
april13,1809, 710804, 4,
april13,1809, 710406, 3,
april13,1810, 910101, 1,
april13,1810, 710203, 2,
april13,1810, 350107, 1,
april13,1810, 710804, 1,
april13,1813, 710406, 1,
april13,1814, 910101, 1,
april13,1814, 710203, 1,
april13,1814, 710804, 1,
april13,1814, 710710, 1,
april13,1817, 710203, 3,
april13,1817, 710804, 3,
april13,1817, 710307, 1,
april13,1817, 710708, 1,
april13,1817, 711004, 1,
april13,1817, 710610, 1,
april13,1817, 710710, 1,
april13,1821, 910101, 2,
april13,1821, 350107, 2,
april13,1821, 710406, 2,
april13,1821, 710307, 2,
april13,1821, 690207, 1,
april13,1821, 710608, 1,
april13,1826, 710406, 1,
april13,1826, 710608, 3,
april13,1831, 910101, 1,
april13,1834, 710307, 2,
april13,1839, 910101, 2,
april13,1839, 710205, 1,
april13,1839, 350107, 1,
april13,1839, 710804, 3,
april13,1839, 710406, 1,
april13,1839, 710307, 4,
april13,1839, 690207, 4,
april13,1839, 710608, 5,
april13,1839, 710708, 1,
april13,1839, 711004, 2,
april13,1839, 710610, 2,
april13,1849, 350107, 1,
april13,1849, 710406, 1,
april13,1849, 710307, 1,
april13,1851, 710101, 1,
april13,1851, 910101, 2,
april13,1851, 710406, 1,
april13,1851, 710307, 2,
april13,1851, 690207, 1,
april13,1851, 710610, 1,
april13,1852, 350107, 1,
april13,1852, 690207, 1,
april13,1852, 710610, 1,
april13,1854, 690207, 1,
april13,1856, 710101, 1,
april13,1856, 710205, 1,
april13,1856, 350107, 1,
april13,1894, 710203, 1,
april13,1894, 710205, 1,
april13,1894, 710406, 1,
april13,1899, 710203, 1,
april13,1903, 910101, 1,
april13,1903, 710203, 2,
april13,1903, 710205, 1,
april13,1903, 710804, 3,
april13,1903, 710307, 1,
april13,1903, 690207, 1,
april13,1903, 710608, 1,
april13,2007, 710406, 3,
april13,2007, 690207, 1,
april13,2297, 710608, 1,
april13,2407, 710101, 2,
april13,2407, 910101, 3,
april13,2407, 710203, 3,
april13,2407, 710205, 1,
april13,2407, 350107, 2,
april13,2407, 710804, 3,
april13,2407, 710406, 2,
april13,2407, 690207, 1,
april13,2407, 710610, 2,
april13,2409, 710205, 1,
april13,2479, 710203, 1,
april13,2594, 910101, 1,
april13,2594, 350107, 1,
april13,2629, 710804, 2,
april13,2629, 710406, 1,
april13,2691, 910101, 1,
april13,2691, 710205, 2,
april13,2691, 350107, 3,
april13,2691, 710406, 2,
april13,2691, 710307, 2,
april13,2691, 690207, 2,
april13,2734, 710307, 1,
april13,2734, 710610, 2,
april13,2734, 710710, 2,
april13,2902, 910101, 6,
april13,2902, 710203, 3,
april13,2902, 710205, 3,
april13,2902, 350107, 1,
april13,2902, 710804, 5,
april13,2902, 710406, 2,
april13,2902, 710307, 1,
april13,2902, 690207, 9,
april13,2902, 710608, 6,
april13,2902, 710708, 1,
april13,2902, 711004, 7,
april13,2902, 710610, 2,
april13,2902, 710710, 3,
april14,1046, 710101, 1,
april14,1046, 690104, 1,
april14,1046, , 1,
april14,1049, 910101, 2,
april14,1049, 350107, 1,
april14,1051, 710710, 1,
april14,1082, 710501, 1,
april14,1082, 710503, 1,
april14,1088, 690104, 1,
april14,1088, 710205, 1,
april14,1088, 710307, 2,
april14,1088, , 8,
april14,1090, , 12,
april14,1097, 710101, 2,
april14,1097, 710406, 1,
april14,1099, 710101, 1,
april14,1099, 710501, 1,
april14,1099, 710205, 1,
april14,1099, 710307, 1,
april14,1099, , 6,
april14,1099, 710610, 1,
april14,1100, 710501, 1,
april14,1100, 710205, 1,
april14,1141, 910101, 5,
april14,1141, 710501, 1,
april14,1141, 690104, 1,
april14,1141, 710307, 1,
april14,1141, 690207, 2,
april14,1425, 710101, 1,
april14,1425, 710804, 2,
april14,1427, 710101, 1,
april14,1427, 910101, 1,
april14,1427, 350107, 2,
april14,1427, 710406, 5,
april14,1427, 710307, 1,
april14,1427, 710608, 2,
april14,1429, 710804, 1,
april14,1433, 710101, 1,
april14,1433, 690104, 1,
april14,1433, 710503, 1,
april14,1433, 710804, 1,
april14,1433, 710307, 1,
april14,1433, 690207, 2,
april14,1437, 710101, 1,
april14,1446, 910101, 1,
april14,1446, 710501, 1,
april14,1446, 710307, 1,
april14,1446, 710708, 1,
april14,1450, , 11,
april14,1452, 690104, 1,
april14,1798, 910101, 1,
april14,1798, 710406, 2,
april14,1799, 910101, 1,
april14,1801, 710205, 1,
april14,1801, 710406, 12,
april14,1803, 710501, 1,
april14,1803, 710205, 1,
april14,1803, 710804, 1,
april14,1805, 710503, 2,
april14,1805, 710205, 2,
april14,1805, 350107, 3,
april14,1805, 710307, 1,
april14,1807, 710406, 1,
april14,1809, 910101, 1,
april14,1809, 710804, 1,
april14,1809, 710406, 2,
april14,1810, 710101, 2,
april14,1810, 690104, 1,
april14,1810, 710205, 2,
april14,1810, 710804, 5,
april14,1813, 690104, 1,
april14,1813, 710205, 1,
april14,1813, 350107, 1,
april14,1813, 710804, 3,
april14,1814, 690104, 1,
april14,1814, 710205, 1,
april14,1814, 350107, 1,
april14,1814, 710804, 1,
april14,1817, 910101, 1,
april14,1817, 710307, 1,
april14,1817, 710608, 2,
april14,1817, 710710, 1,
april14,1821, 710501, 2,
april14,1821, 690104, 1,
april14,1821, 350107, 1,
april14,1821, 710804, 2,
april14,1821, 710406, 1,
april14,1822, 710503, 1,
april14,1827, 710101, 1,
april14,1827, 910101, 2,
april14,1831, 690104, 2,
april14,1831, 350107, 1,
april14,1831, 690207, 1,
april14,1834, 710101, 3,
april14,1834, 710501, 1,
april14,1834, 710205, 1,
april14,1834, 710307, 1,
april14,1837, 710101, 1,
april14,1839, 910101, 1,
april14,1839, 710501, 3,
april14,1839, 690104, 1,
april14,1839, 710503, 1,
april14,1839, 710205, 2,
april14,1839, 350107, 3,
april14,1839, 710406, 2,
april14,1839, 710307, 7,
april14,1839, 690207, 1,
april14,1839, 710608, 1,
april14,1842, 710101, 2,
april14,1849, 710205, 4,
april14,1849, 710710, 1,
april14,1851, 710101, 1,
april14,1851, 910101, 2,
april14,1851, 710501, 2,
april14,1851, 710804, 1,
april14,1851, 710406, 1,
april14,1851, 710307, 1,
april14,1851, 710608, 1,
april14,1852, 710101, 10,
april14,1852, 690104, 1,
april14,1852, 710804, 1,
april14,1852, 690207, 2,
april14,1856, 910101, 1,
april14,1856, 710406, 2,
april14,1856, 710608, 1,
april14,1856, 710708, 1,
april14,1894, 690104, 3,
april14,1894, 710406, 1,
april14,1894, 710307, 3,
april14,1894, 711004, 1,
april14,1895, 711004, 1,
april14,1901, 710503, 1,
april14,1903, 710501, 1,
april14,1903, 690104, 1,
april14,1903, 710205, 5,
april14,1903, 710804, 1,
april14,1903, 710406, 3,
april14,1903, 710307, 2,
april14,1903, 690207, 1,
april14,1903, 710708, 1,
april14,2007, 690104, 1,
april14,2297, , 1,
april14,2364, 710101, 1,
april14,2407, 710101, 2,
april14,2407, 910101, 3,
april14,2407, 710501, 1,
april14,2407, 690104, 4,
april14,2407, 710503, 2,
april14,2407, 710205, 1,
april14,2407, 350107, 2,
april14,2407, 710804, 1,
april14,2407, 710307, 1,
april14,2407, , 8,
april14,2407, 710610, 2,
april14,2575, 710804, 1,
april14,2594, 710503, 1,
april14,2691, 350107, 2,
april14,2691, 710406, 1,
april14,2691, 710307, 1,
april14,2691, 690207, 2,
april14,2691, , 5,
april14,2691, 710608, 4,
april14,2734, 710101, 1,
april14,2734, 710501, 1,
april14,2734, 690104, 3,
april14,2734, 350107, 1,
april14,2734, 710804, 1,
april14,2734, 710307, 2,
april14,2734, 690207, 1,
april14,2734, 710710, 3,
april14,2902, 690104, 8,
april14,2902, 710503, 4,
april14,2902, 710205, 2,
april14,2902, 350107, 3,
april14,2902, 710804, 3,
april14,2902, 710406, 2,
april14,2902, 710307, 4,
april14,2902, 690207, 2,
april14,2902, , 4,
april14,2902, 710608, 6,
april14,2902, 710708, 1,
april14,2902, 711004, 1,
april14,2902, 710610, 3,
april14,2902, 710710, 4,
april15,1046, 710501, 1,
april15,1046, 690104, 2,
april15,1046, 710406, 1,
april15,1049, 710205, 1,
april15,1051, 710501, 1,
april15,1051, 710307, 1,
april15,1082, 710205, 1,
april15,1082, 690207, 1,
april15,1082, 710608, 1,
april15,1082, 710610, 1,
april15,1088, 710205, 3,
april15,1088, 710307, 1,
april15,1088, 710608, 1,
april15,1097, 710406, 1,
april15,1099, 710501, 2,
april15,1099, 711004, 1,
april15,1100, 710503, 7,
april15,1100, 710406, 1,
april15,1141, 910101, 2,
april15,1141, 710203, 1,
april15,1141, 690104, 2,
april15,1141, 710503, 1,
april15,1141, 350107, 3,
april15,1141, 710406, 2,
april15,1141, 710307, 1,
april15,1141, 710608, 2,
april15,1425, 910101, 1,
april15,1425, 710203, 2,
april15,1425, 350107, 1,
april15,1425, 710608, 1,
april15,1427, 910101, 1,
april15,1427, 710203, 2,
april15,1427, 350107, 1,
april15,1427, 710804, 1,
april15,1429, 710203, 1,
april15,1429, 710205, 1,
april15,1433, 710501, 1,
april15,1444, 710406, 2,
april15,1444, 710307, 3,
april15,1446, 710203, 1,
april15,1446, 710205, 2,
april15,1446, 710406, 1,
april15,1796, 710203, 1,
april15,1796, 710307, 1,
april15,1798, 710307, 1,
april15,1799, 710501, 2,
april15,1799, 690104, 2,
april15,1799, 710710, 1,
april15,1801, 710205, 2,
april15,1801, 350107, 1,
april15,1801, 710406, 15,
april15,1803, 710203, 1,
april15,1803, 690104, 1,
april15,1803, 350107, 1,
april15,1803, 710804, 1,
april15,1803, 710406, 2,
april15,1803, 710307, 2,
april15,1803, 690207, 1,
april15,1803, 710610, 4,
april15,1805, 910101, 1,
april15,1805, 710205, 2,
april15,1805, 710610, 1,
april15,1807, 710503, 3,
april15,1807, 710205, 1,
april15,1807, 350107, 1,
april15,1807, 710804, 1,
april15,1807, 710406, 2,
april15,1809, 910101, 1,
april15,1809, 690104, 1,
april15,1809, 710406, 1,
april15,1810, 910101, 2,
april15,1810, 710203, 3,
april15,1810, 350107, 1,
april15,1810, 710804, 2,
april15,1810, 710406, 1,
april15,1810, 710307, 1,
april15,1810, 690207, 3,
april15,1810, 711004, 1,
april15,1813, 710503, 1,
april15,1814, 710511, 1,
april15,1817, 710501, 1,
april15,1817, 710205, 1,
april15,1817, 350107, 1,
april15,1817, 710804, 2,
april15,1817, 710406, 2,
april15,1817, 690207, 2,
april15,1817, 711004, 3,
april15,1817, 710610, 1,
april15,1817, 710710, 1,
april15,1817, 710511, 1,
april15,1821, 710501, 2,
april15,1821, 710205, 1,
april15,1821, 350107, 3,
april15,1821, 710307, 1,
april15,1821, 710610, 1,
april15,1826, 710511, 1,
april15,1826, 910101, 1,
april15,1826, 690207, 1,
april15,1829, 910101, 1,
april15,1831, 910101, 2,
april15,1831, 690207, 3,
april15,1834, 710501, 2,
april15,1838, 910101, 1,
april15,1838, 710307, 1,
april15,1839, 910101, 1,
april15,1839, 710501, 1,
april15,1839, 710205, 1,
april15,1839, 350107, 4,
april15,1839, 690207, 2,
april15,1839, 710610, 1,
april15,1846, 710501, 1,
april15,1849, 710501, 1,
april15,1849, 710503, 1,
april15,1849, 350107, 1,
april15,1849, 710406, 1,
april15,1849, 710708, 1,
april15,1851, 910101, 2,
april15,1851, 710501, 1,
april15,1851, 350107, 4,
april15,1851, 710406, 1,
april15,1851, 690207, 2,
april15,1852, 910101, 1,
april15,1852, 710203, 2,
april15,1852, 710503, 2,
april15,1852, 710205, 1,
april15,1852, 350107, 1,
april15,1852, 710804, 1,
april15,1852, 710406, 1,
april15,1854, 710608, 2,
april15,1856, 710101, 1,
april15,1856, 910101, 1,
april15,1858, 710101, 1,
april15,1894, 710205, 1,
april15,1894, 350107, 3,
april15,1895, 710501, 1,
april15,1895, 710203, 1,
april15,1895, 350107, 2,
april15,1895, 690207, 1,
april15,1899, 710203, 1,
april15,1899, 710804, 1,
april15,1903, 910101, 1,
april15,1903, 710406, 2,
april15,1903, 690207, 2,
april15,1903, 710608, 3,
april15,2007, 710503, 1,
april15,2297, 710503, 2,
april15,2407, 710101, 2,
april15,2407, 910101, 2,
april15,2407, 710203, 3,
april15,2407, 690104, 1,
april15,2407, 710205, 1,
april15,2407, 710804, 1,
april15,2407, 710406, 3,
april15,2407, 710708, 2,
april15,2479, 710205, 1,
april15,2594, 710710, 1,
april15,2691, 710501, 2,
april15,2691, 710203, 1,
april15,2691, 710503, 1,
april15,2691, 710205, 1,
april15,2691, 350107, 1,
april15,2691, 690207, 1,
april15,2691, 710608, 2,
april15,2691, 710708, 2,
april15,2691, 711004, 1,
april15,2734, 710101, 1,
april15,2734, 910101, 1,
april15,2734, 690104, 2,
april15,2734, 350107, 1,
april15,2734, 710804, 5,
april15,2734, 710608, 1,
april15,2902, 710203, 1,
april15,2902, 690104, 3,
april15,2902, 710503, 4,
april15,2902, 710205, 5,
april15,2902, 350107, 4,
april15,2902, 710804, 2,
april15,2902, 710406, 3,
april15,2902, 710307, 1,
april15,2902, 690207, 4,
april15,2902, 710608, 3,
april15,2902, 710708, 2,
april15,2902, 711004, 12,
april15,2902, 710610, 4,
april15,2902, 710511, 5,
april18,1046, 710101, 1,
april18,1046, 710501, 2,
april18,1046, 710307, 2,
april18,1049, 710101, 1,
april18,1049, 710503, 1,
april18,1049, 710205, 1,
april18,1051, 710203, 1,
april18,1082, 710610, 1,
april18,1088, 710406, 1,
april18,1088, 710511, 2,
april18,1097, 710101, 4,
april18,1097, 710203, 1,
april18,1097, 710205, 1,
april18,1097, 710610, 1,
april18,1099, 710501, 1,
april18,1099, 710503, 1,
april18,1099, 710511, 2,
april18,1100, 710501, 1,
april18,1100, 710203, 1,
april18,1100, 710205, 1,
april18,1100, 710610, 1,
april18,1141, 710101, 1,
april18,1141, 710501, 1,
april18,1141, 710503, 1,
april18,1141, 350107, 2,
april18,1141, 710406, 1,
april18,1141, 710307, 1,
april18,1141, 710610, 2,
april18,1425, 710501, 3,
april18,1425, 710203, 3,
april18,1425, 710503, 1,
april18,1425, 710804, 1,
april18,1427, 710203, 1,
april18,1427, 710205, 1,
april18,1427, 710804, 4,
april18,1427, 710406, 6,
april18,1429, 350107, 2,
april18,1431, 350107, 1,
april18,1433, 710205, 1,
april18,1444, 710501, 1,
april18,1444, 350107, 2,
april18,1446, 710101, 1,
april18,1446, 710307, 1,
april18,1446, 690207, 2,
april18,1446, 710608, 1,
april18,1457, 350107, 1,
april18,1796, 910101, 1,
april18,1796, 710804, 1,
april18,1796, 710406, 1,
april18,1796, 710708, 1,
april18,1799, 710203, 2,
april18,1801, 710804, 6,
april18,1801, 710406, 7,
april18,1803, 710501, 2,
april18,1803, 710503, 4,
april18,1803, 350107, 2,
april18,1803, 710804, 1,
april18,1803, 710406, 2,
april18,1803, 710307, 1,
april18,1805, 710101, 1,
april18,1805, 710203, 1,
april18,1805, 710503, 2,
april18,1805, 710804, 2,
april18,1805, 710406, 3,
april18,1805, 710610, 1,
april18,1807, 710203, 1,
april18,1807, 710205, 1,
april18,1807, 710804, 1,
april18,1809, 910101, 2,
april18,1809, 710501, 2,
april18,1809, 710406, 1,
april18,1809, 710307, 1,
april18,1809, 690207, 1,
april18,1810, 710501, 1,
april18,1810, 710503, 2,
april18,1810, 710205, 1,
april18,1810, 350107, 1,
april18,1810, 710804, 3,
april18,1810, 710406, 1,
april18,1810, 710307, 2,
april18,1813, 710503, 1,
april18,1813, 690207, 3,
april18,1814, 910101, 1,
april18,1814, 710501, 2,
april18,1814, 710503, 1,
april18,1814, 710406, 1,
april18,1814, 690207, 1,
april18,1814, , 5,
april18,1817, 710501, 2,
april18,1817, 710203, 3,
april18,1817, 710503, 1,
april18,1817, 710205, 1,
april18,1817, 350107, 2,
april18,1817, 710804, 2,
april18,1817, 710406, 2,
april18,1817, 690207, 1,
april18,1817, 710608, 1,
april18,1817, 711004, 1,
april18,1817, 710710, 2,
april18,1821, 710501, 1,
april18,1821, 710608, 4,
april18,1821, 690406, 1,
april18,1827, 710503, 1,
april18,1831, 710101, 1,
april18,1831, 910101, 1,
april18,1831, 710203, 1,
april18,1831, 710610, 3,
april18,1834, 710804, 3,
april18,1838, 710610, 1,
april18,1839, 910101, 1,
april18,1839, 710501, 1,
april18,1839, 710503, 2,
april18,1839, 710205, 2,
april18,1839, 350107, 2,
april18,1839, 710804, 4,
april18,1839, 710406, 2,
april18,1839, 710307, 3,
april18,1839, 690207, 1,
april18,1839, 710608, 3,
april18,1839, 710708, 2,
april18,1839, 711004, 3,
april18,1839, 710610, 1,
april18,1842, 690207, 2,
april18,1844, 710203, 2,
april18,1849, 710501, 2,
april18,1851, 710203, 1,
april18,1851, 710804, 1,
april18,1851, 710406, 2,
april18,1851, 690207, 1,
april18,1852, 710101, 1,
april18,1852, 710203, 2,
april18,1852, 350107, 1,
april18,1852, 710804, 2,
april18,1852, 690207, 1,
april18,1856, 710101, 1,
april18,1858, 710101, 1,
april18,1858, 350107, 1,
april18,1894, 350107, 1,
april18,1895, 350107, 1,
april18,1899, 710406, 1,
april18,1903, 710804, 1,
april18,1903, 710307, 1,
april18,1903, 690207, 1,
april18,2007, 710501, 1,
april18,2007, 350107, 1,
april18,2007, 690207, 1,
april18,2364, 690207, 1,
april18,2407, 710101, 1,
april18,2407, 710205, 1,
april18,2407, 350107, 2,
april18,2407, 710406, 1,
april18,2407, 690207, 4,
april18,2407, 710708, 1,
april18,2407, 711004, 1,
april18,2407, 710511, 1,
april18,2479, 710101, 1,
april18,2479, 710203, 1,
april18,2594, 710501, 1,
april18,2594, 710610, 1,
april18,2594, 710710, 1,
april18,2629, 710708, 1,
april18,2691, 710501, 3,
april18,2691, 710205, 2,
april18,2691, 350107, 1,
april18,2691, 710406, 2,
april18,2691, 710610, 1,
april18,2734, 710501, 1,
april18,2734, 710503, 3,
april18,2734, 710804, 1,
april18,2734, 710406, 1,
april18,2902, 710203, 5,
april18,2902, 710503, 5,
april18,2902, 710205, 5,
april18,2902, 350107, 6,
april18,2902, 710804, 1,
april18,2902, 710406, 4,
april18,2902, 710307, 1,
april18,2902, 690207, 3,
april18,2902, 710608, 5,
april18,2902, 710708, 2,
april18,2902, 711004, 3,
april18,2902, 710610, 1,
april18,2902, 710710, 2,
april18,2902, 710511, 1,
april19,1046, 710101, 1,
april19,1046, 710501, 1,
april19,1046, 710804, 1,
april19,1049, 710101, 1,
april19,1049, 910101, 2,
april19,1049, 710503, 1,
april19,1082, 711004, 1,
april19,1088, 710101, 1,
april19,1088, 710501, 1,
april19,1088, 710203, 1,
april19,1088, 710205, 1,
april19,1088, 350107, 1,
april19,1088, 711004, 1,
april19,1090, 910101, 2,
april19,1097, 910101, 1,
april19,1097, 690207, 1,
april19,1099, 910101, 1,
april19,1099, 710501, 1,
april19,1099, 350107, 2,
april19,1099, 710804, 1,
april19,1099, 710511, 1,
april19,1100, 710205, 2,
april19,1100, 710804, 1,
april19,1100, 710307, 2,
april19,1100, 710511, 1,
april19,1141, 710101, 1,
april19,1141, 910101, 3,
april19,1141, 350107, 2,
april19,1141, 710804, 1,
april19,1141, 710307, 1,
april19,1141, 710708, 1,
april19,1141, 711004, 1,
april19,1425, 910101, 1,
april19,1425, 710501, 1,
april19,1425, 710203, 2,
april19,1425, 710205, 1,
april19,1427, 910101, 1,
april19,1427, 710203, 1,
april19,1427, 710804, 4,
april19,1427, 710406, 7,
april19,1433, 710101, 1,
april19,1433, 710804, 2,
april19,1444, 710203, 1,
april19,1444, 710708, 1,
april19,1446, 710101, 1,
april19,1446, 710501, 2,
april19,1446, 710205, 1,
april19,1446, 350107, 2,
april19,1446, 710804, 2,
april19,1446, 690207, 1,
april19,1796, 710203, 1,
april19,1796, 350107, 1,
april19,1796, 710804, 1,
april19,1796, 710307, 1,
april19,1798, 350107, 1,
april19,1799, 710501, 1,
april19,1801, 710406, 12,
april19,1803, 710406, 2,
april19,1805, 710501, 2,
april19,1805, 710203, 1,
april19,1805, 710503, 2,
april19,1805, 710205, 1,
april19,1805, 710804, 1,
april19,1805, 710406, 2,
april19,1805, 710307, 3,
april19,1805, 690207, 1,
april19,1807, 710501, 1,
april19,1807, 710804, 1,
april19,1807, 690207, 1,
april19,1807, 710710, 1,
april19,1809, 910101, 4,
april19,1809, 710501, 1,
april19,1809, 710503, 3,
april19,1809, 350107, 3,
april19,1810, 910101, 1,
april19,1810, 710203, 2,
april19,1810, 710503, 1,
april19,1810, 710804, 2,
april19,1810, 710406, 1,
april19,1810, 710307, 2,
april19,1813, 710203, 1,
april19,1813, 690207, 1,
april19,1814, 710501, 1,
april19,1814, 710406, 1,
april19,1814, 690207, 1,
april19,1814, 711004, 4,
april19,1817, 710503, 3,
april19,1817, 710205, 1,
april19,1817, 710307, 1,
april19,1817, 690207, 1,
april19,1821, 910101, 1,
april19,1821, 710503, 3,
april19,1821, 710804, 2,
april19,1821, 710406, 1,
april19,1826, 710307, 1,
april19,1827, 710503, 1,
april19,1831, 910101, 1,
april19,1831, 710501, 1,
april19,1831, 710205, 1,
april19,1834, 710501, 1,
april19,1837, 710203, 1,
april19,1838, 710501, 1,
april19,1839, 910101, 1,
april19,1839, 710203, 1,
april19,1839, 710503, 4,
april19,1839, 710205, 4,
april19,1839, 710804, 3,
april19,1839, 710406, 1,
april19,1839, 710307, 6,
april19,1839, 710511, 1,
april19,1844, 710307, 1,
april19,1849, 710203, 1,
april19,1849, 710307, 2,
april19,1851, 710804, 2,
april19,1851, 690207, 1,
april19,1852, 910101, 1,
april19,1852, 710205, 2,
april19,1852, 690207, 2,
april19,1854, 710511, 1,
april19,1856, 710205, 1,
april19,1856, 710406, 2,
april19,1856, 690207, 1,
april19,1894, 710406, 2,
april19,1895, 710503, 2,
april19,1895, 710205, 1,
april19,1899, 910101, 1,
april19,1899, 710501, 1,
april19,1903, 710203, 2,
april19,1903, 350107, 1,
april19,1903, 710804, 2,
april19,1903, 710406, 1,
april19,1903, 690207, 4,
april19,1903, 710708, 1,
april19,2407, 710101, 3,
april19,2407, 710203, 1,
april19,2407, 710503, 2,
april19,2407, 710804, 1,
april19,2407, 710406, 3,
april19,2407, 710708, 2,
april19,2575, 710203, 2,
april19,2575, 710804, 1,
april19,2594, 710501, 1,
april19,2594, 710804, 1,
april19,2594, 710406, 1,
april19,2691, 710101, 1,
april19,2691, 910101, 1,
april19,2691, 710501, 2,
april19,2691, 710205, 1,
april19,2691, 710406, 1,
april19,2691, 690207, 1,
april19,2691, 710708, 3,
april19,2734, 710101, 1,
april19,2734, 710503, 1,
april19,2734, 350107, 2,
april19,2734, 710804, 1,
april19,2734, 710307, 1,
april19,2734, 711004, 2,
april19,2902, 710203, 3,
april19,2902, 710503, 3,
april19,2902, 710205, 4,
april19,2902, 350107, 1,
april19,2902, 710804, 1,
april19,2902, 710406, 5,
april19,2902, 710307, 3,
april19,2902, 711004, 1,
april19,2902, 710710, 3,
april19,2902, 710511, 1,
april20,1046, 710101, 1,
april20,1046, 910101, 1,
april20,1046, 710501, 1,
april20,1046, 710203, 1,
april20,1049, 910101, 2,
april20,1049, 710708, 1,
april20,1049, 710610, 1,
april20,1051, 710501, 1,
april20,1082, 710501, 1,
april20,1082, 690104, 2,
april20,1082, 710205, 2,
april20,1082, 710608, 1,
april20,1082, 710610, 1,
april20,1088, 710101, 1,
april20,1088, 710501, 1,
april20,1088, 710503, 1,
april20,1088, 350107, 1,
april20,1088, 690207, 1,
april20,1090, 710406, 1,
april20,1097, 910101, 2,
april20,1097, 690104, 1,
april20,1099, 710501, 2,
april20,1099, 710203, 1,
april20,1099, 710610, 1,
april20,1100, 710203, 1,
april20,1100, 710205, 1,
april20,1141, 710101, 1,
april20,1141, 910101, 3,
april20,1141, 710501, 1,
april20,1141, 710203, 1,
april20,1141, 350107, 1,
april20,1141, 710307, 1,
april20,1141, 710608, 4,
april20,1141, 710710, 1,
april20,1425, 710501, 1,
april20,1425, 710203, 7,
april20,1427, 910101, 1,
april20,1427, 710501, 1,
april20,1427, 350107, 9,
april20,1427, 690207, 1,
april20,1427, 710511, 1,
april20,1429, 710101, 1,
april20,1431, 710307, 1,
april20,1433, 710203, 1,
april20,1433, 710503, 1,
april20,1439, 710307, 1,
april20,1446, 710203, 1,
april20,1446, 690104, 1,
april20,1450, 710205, 1,
april20,1796, 710503, 1,
april20,1796, 350107, 1,
april20,1798, 710503, 1,
april20,1799, 910101, 1,
april20,1799, 710503, 1,
april20,1799, 710708, 1,
april20,1801, 710503, 3,
april20,1801, 710205, 1,
april20,1801, 710406, 8,
april20,1801, 690207, 1,
april20,1801, 710608, 1,
april20,1803, 690104, 1,
april20,1803, 710205, 1,
april20,1803, 350107, 1,
april20,1803, 710307, 1,
april20,1805, 710503, 5,
april20,1805, 350107, 1,
april20,1805, 710406, 1,
april20,1805, 711004, 1,
april20,1807, 710101, 1,
april20,1807, 690104, 1,
april20,1807, 350107, 1,
april20,1807, 710307, 1,
april20,1809, 910101, 2,
april20,1809, 690104, 1,
april20,1809, 710406, 1,
april20,1810, 710501, 1,
april20,1810, 690104, 1,
april20,1810, 710503, 1,
april20,1810, 710307, 1,
april20,1810, 690207, 1,
april20,1813, 710503, 1,
april20,1813, 350107, 1,
april20,1813, 710406, 1,
april20,1813, 710307, 1,
april20,1813, 690207, 2,
april20,1814, 710503, 2,
april20,1814, 690207, 1,
april20,1814, 710708, 1,
april20,1817, 710101, 1,
april20,1817, 710501, 2,
april20,1817, 690104, 1,
april20,1817, 710406, 1,
april20,1817, 710307, 3,
april20,1817, 690207, 2,
april20,1817, 710608, 1,
april20,1817, 710708, 2,
april20,1817, 710610, 1,
april20,1817, 710710, 3,
april20,1821, 690104, 1,
april20,1821, 710503, 2,
april20,1821, 350107, 2,
april20,1821, 710406, 3,
april20,1821, 710307, 2,
april20,1821, 690207, 1,
april20,1821, 710608, 2,
april20,1822, 710503, 1,
april20,1822, 710406, 2,
april20,1826, 710503, 1,
april20,1829, 710503, 1,
april20,1831, 910101, 2,
april20,1834, 710101, 1,
april20,1834, 710307, 1,
april20,1834, 710608, 5,
april20,1837, 710307, 1,
april20,1837, 710608, 1,
april20,1838, 710101, 1,
april20,1838, 910101, 1,
april20,1839, 910101, 3,
april20,1839, 690104, 3,
april20,1839, 710503, 3,
april20,1839, 710205, 6,
april20,1839, 710406, 1,
april20,1839, 690207, 2,
april20,1839, 710608, 2,
april20,1839, 710708, 2,
april20,1839, 711004, 4,
april20,1839, 710610, 2,
april20,1842, 710406, 1,
april20,1844, 710501, 1,
april20,1844, 710503, 1,
april20,1846, 710406, 1,
april20,1849, 690104, 2,
april20,1849, 710503, 1,
april20,1849, 710708, 2,
april20,1851, 910101, 2,
april20,1851, 710503, 1,
april20,1851, 710205, 1,
april20,1851, 710406, 1,
april20,1851, 711004, 1,
april20,1852, 710203, 1,
april20,1852, 710205, 2,
april20,1852, 350107, 2,
april20,1852, 710307, 1,
april20,1852, 711004, 1,
april20,1854, 711004, 1,
april20,1856, 710101, 1,
april20,1856, 710503, 4,
april20,1856, 350107, 2,
april20,1856, 690207, 1,
april20,1894, 710203, 2,
april20,1894, 690104, 1,
april20,1894, 710503, 1,
april20,1894, 350107, 1,
april20,1895, 690104, 1,
april20,1895, 710205, 1,
april20,1895, 710406, 1,
april20,1899, 710708, 1,
april20,1903, 910101, 1,
april20,1903, 710203, 2,
april20,1903, 690104, 1,
april20,1903, 350107, 1,
april20,1903, 710406, 1,
april20,2364, 710101, 1,
april20,2407, 710101, 2,
april20,2407, 910101, 3,
april20,2407, 710501, 1,
april20,2407, 710203, 1,
april20,2407, 690104, 1,
april20,2407, 710503, 2,
april20,2407, 710205, 2,
april20,2407, 350107, 2,
april20,2407, 710406, 2,
april20,2407, 690207, 1,
april20,2407, 710608, 2,
april20,2407, 710610, 1,
april20,2479, 710501, 1,
april20,2479, 710203, 1,
april20,2575, 710608, 1,
april20,2629, 710406, 1,
april20,2629, 710708, 2,
april20,2691, 690104, 1,
april20,2691, 710205, 3,
april20,2691, 710307, 1,
april20,2691, 710608, 1,
april20,2734, 710503, 1,
april20,2734, 710205, 1,
april20,2734, 710307, 1,
april20,2902, 910101, 8,
april20,2902, 710203, 5,
april20,2902, 690104, 2,
april20,2902, 710503, 5,
april20,2902, 710205, 1,
april20,2902, 350107, 1,
april20,2902, 710406, 4,
april20,2902, 710307, 5,
april20,2902, 690207, 7,
april20,2902, 710608, 1,
april20,2902, 710708, 2,
april20,2902, 711004, 2,
april20,2902, 710610, 4,
april20,2902, 710710, 1,
april20,2902, 710511, 3,
april21,1046, 710203, 1,
april21,1046, 710503, 2,
april21,1046, 710406, 1,
april21,1049, 910101, 2,
april21,1051, 710501, 1,
april21,1051, 690104, 2,
april21,1051, 710503, 1,
april21,1082, 710203, 1,
april21,1088, 710501, 1,
april21,1088, 690104, 1,
april21,1088, 710205, 2,
april21,1090, 910101, 2,
april21,1097, 910101, 1,
april21,1097, 710503, 1,
april21,1100, 710503, 1,
april21,1100, 710205, 1,
april21,1141, 910101, 2,
april21,1141, 710501, 1,
april21,1427, 710503, 1,
april21,1427, 350107, 1,
april21,1427, 710406, 4,
april21,1427, 710511, 2,
april21,1429, 690104, 1,
april21,1433, 710503, 1,
april21,1433, 710205, 1,
april21,1433, 350107, 1,
april21,1433, 710307, 1,
april21,1437, 710511, 1,
april21,1442, 710610, 6,
april21,1444, 710501, 1,
april21,1457, 710307, 1,
april21,1796, 710503, 1,
april21,1796, 350107, 2,
april21,1796, 710804, 1,
april21,1796, 710406, 1,
april21,1799, 910101, 1,
april21,1799, 710501, 2,
april21,1799, 690104, 3,
april21,1801, 710205, 1,
april21,1801, 710406, 11,
april21,1803, 710501, 1,
april21,1803, 710205, 1,
april21,1803, 710804, 1,
april21,1803, 710406, 1,
april21,1803, 710608, 8,
april21,1803, 710708, 1,
april21,1803, 710511, 1,
april21,1805, 690104, 1,
april21,1805, 710503, 1,
april21,1805, 710205, 1,
april21,1805, 350107, 2,
april21,1805, 710406, 2,
april21,1805, 710307, 2,
april21,1805, 710710, 1,
april21,1807, 710406, 2,
april21,1807, 710307, 3,
april21,1809, 710501, 1,
april21,1809, 710203, 2,
april21,1810, 690104, 1,
april21,1810, 710503, 1,
april21,1810, 710205, 2,
april21,1810, 710804, 1,
april21,1813, 710501, 1,
april21,1813, 690104, 1,
april21,1814, 710205, 1,
april21,1814, 710307, 3,
april21,1817, 710501, 4,
april21,1817, 690104, 1,
april21,1817, 710503, 1,
april21,1817, 710710, 1,
april21,1821, 710501, 3,
april21,1821, 710503, 2,
april21,1821, 350107, 1,
april21,1821, 710804, 1,
april21,1822, 710406, 2,
april21,1827, 710205, 1,
april21,1829, 710501, 2,
april21,1829, 710804, 1,
april21,1831, 910101, 1,
april21,1834, 710501, 8,
april21,1837, 710203, 2,
april21,1838, 710203, 1,
april21,1838, 690104, 1,
april21,1838, 710503, 1,
april21,1838, 350107, 1,
april21,1839, 910101, 1,
april21,1839, 710501, 3,
april21,1839, 690104, 3,
april21,1839, 710503, 4,
april21,1839, 710205, 7,
april21,1839, 710804, 3,
april21,1839, 710406, 2,
april21,1839, 710307, 5,
april21,1842, 710203, 1,
april21,1849, 710501, 1,
april21,1849, 710205, 4,
april21,1851, 910101, 2,
april21,1851, 710501, 1,
april21,1851, 350107, 1,
april21,1851, 710307, 1,
april21,1852, 910101, 1,
april21,1852, 690104, 2,
april21,1852, 710205, 1,
april21,1852, 710804, 1,
april21,1854, 710503, 1,
april21,1856, 910101, 1,
april21,1856, 350107, 1,
april21,1856, 710406, 2,
april21,1856, 710708, 1,
april21,1899, 710406, 1,
april21,1903, 710205, 2,
april21,1903, 350107, 1,
april21,1903, 710406, 1,
april21,1903, 710307, 1,
april21,2407, 910101, 4,
april21,2407, 710501, 2,
april21,2407, 710203, 4,
april21,2407, 690104, 1,
april21,2407, 710503, 2,
april21,2407, 710205, 4,
april21,2407, 350107, 2,
april21,2407, 710307, 1,
april21,2407, 710708, 2,
april21,2479, 910101, 1,
april21,2575, 710804, 1,
april21,2594, 710501, 1,
april21,2734, 690104, 1,
april21,2734, 710205, 2,
april21,2734, 710307, 2,
april21,2734, 710708, 1,
april21,2734, 710710, 1,
april21,2902, 710203, 4,
april21,2902, 690104, 4,
april21,2902, 710503, 2,
april21,2902, 710205, 6,
april21,2902, 350107, 4,
april21,2902, 710804, 3,
april21,2902, 710406, 1,
april21,2902, 710710, 1,
