march28,1006, , 1,
march28,1006, 710304, 2,
march28,1006, 710803, 2,
march28,1006, 710306, 4,
march28,1006, 710510, 1,
march28,1045, 710902, 1,
march28,1047, 710904, 1,
march28,1081, 710304, 1,
march28,1081, 710607, 1,
march28,1083, 710803, 1,
march28,1087, 710902, 1,
march28,1089, 710701, 1,
march28,1098, 710102, 1,
march28,1098, 710902, 1,
march28,1137, 710803, 1,
march28,1139, 710701, 1,
march28,1139, 710801, 7,
march28,1142, , 1,
march28,1142, 710803, 1,
march28,1142, 710405, 3,
march28,1142, 710707, 1,
march28,1426, 710306, 2,
march28,1426, 710902, 3,
march28,1428, 710102, 1,
march28,1428, 710405, 3,
march28,1428, 710306, 8,
march28,1428, 710902, 7,
march28,1428, 710607, 2,
march28,1430, 710902, 1,
march28,1443, 710607, 1,
march28,1445, 710707, 1,
march28,1447, 710902, 1,
march28,1713, 710304, 1,
march28,1713, 710803, 1,
march28,1713, 710306, 5,
march28,1713, 710607, 1,
march28,1713, 710904, 3,
march28,1713, 710510, 1,
march28,1795, 710803, 1,
march28,1795, 710306, 2,
march28,1795, 710904, 1,
march28,1795, 710510, 2,
march28,1800, 710801, 1,
march28,1802, 710306, 1,
march28,1802, 710902, 3,
march28,1802, 710607, 1,
march28,1802, 710904, 1,
march28,1804, 710304, 1,
march28,1804, 710306, 1,
march28,1804, 710902, 2,
march28,1804, 710607, 2,
march28,1804, 710711, 4,
march28,1804, 660511, 1,
march28,1806, 710306, 1,
march28,1808, , 1,
march28,1811, 710801, 1,
march28,1811, , 3,
march28,1811, 710707, 1,
march28,1811, 660511, 1,
march28,1818, 710803, 1,
march28,1818, 710306, 1,
march28,1818, 710902, 2,
march28,1818, 710707, 1,
march28,1818, 710510, 1,
march28,1818, 710711, 1,
march28,1820, 710306, 1,
march28,1823, 710902, 1,
march28,1828, , 2,
march28,1830, 710304, 1,
march28,1830, 710707, 1,
march28,1835, 710801, 9,
march28,1835, 710803, 1,
march28,1840, 710304, 9,
march28,1840, 710803, 2,
march28,1840, 710306, 2,
march28,1840, 710607, 1,
march28,1840, 710707, 1,
march28,1840, 710904, 1,
march28,1847, 710304, 2,
march28,1847, 710902, 1,
march28,1848, 710304, 1,
march28,1848, 710510, 2,
march28,1850, 710405, 1,
march28,1850, 710306, 1,
march28,1850, 710607, 1,
march28,1850, 710707, 1,
march28,1853, 710701, 1,
march28,1853, 710801, 1,
march28,1853, 710904, 1,
march28,1853, 710711, 1,
march28,1857, 710803, 1,
march28,1857, 710902, 4,
march28,1892, 710306, 2,
march28,1892, 710902, 1,
march28,1892, 710607, 2,
march28,1892, 710510, 1,
march28,1892, 710711, 2,
march28,1893, 710102, 2,
march28,1893, 710701, 1,
march28,1893, 710801, 2,
march28,1893, 710306, 3,
march28,1893, 710904, 5,
march28,1893, 710510, 1,
march28,1893, 710711, 1,
march28,1893, 660511, 2,
march28,1896, 710701, 1,
march28,1896, 710801, 1,
march28,1896, , 1,
march28,1900, 710304, 1,
march28,1900, 710902, 1,
march28,1900, 710607, 1,
march28,1900, 710707, 1,
march28,2367, 710405, 2,
march28,2367, 710306, 1,
march28,2367, 710902, 1,
march28,2383, 710510, 1,
march28,2471, , 1,
march28,2628, 710510, 1,
march28,2643, 710306, 2,
march28,2667, 710803, 1,
march28,2667, 710904, 1,
march28,2667, 710510, 1,
march28,2704, 710102, 5,
march28,2704, 710304, 7,
march28,2704, 710803, 9,
march28,2704, 710405, 5,
march28,2704, 710306, 8,
march28,2704, 710902, 2,
march28,2704, 710607, 5,
march28,2704, 710707, 7,
march28,2704, 710904, 9,
march28,2704, 710510, 11,
march28,2704, 710711, 11,
march28,2704, 660511, 3,
march28,2722, 710904, 3,
march28,2726, 710801, 1,
march28,2726, 710405, 1,
march28,2726, 710306, 1,
march28,2726, 710607, 1,
march28,2728, 710701, 1,
march28,2728, 710405, 2,
march28,2728, 710607, 1,
march28,2728, 710707, 2,
march28,2733, 710102, 1,
march28,2733, 710701, 1,
march28,2733, 710902, 1,
march28,2733, 710510, 1,
march29,1006, 710701, 1,
march29,1006, 710803, 1,
march29,1006, 710405, 1,
march29,1006, 710607, 1,
march29,1045, 710701, 1,
march29,1045, 710306, 1,
march29,1045, 710607, 1,
march29,1081, 710701, 1,
march29,1083, 710801, 1,
march29,1083, 710510, 1,
march29,1098, 710102, 1,
march29,1098, 710803, 1,
march29,1098, 710607, 2,
march29,1139, 710102, 1,
march29,1139, 710304, 1,
march29,1139, 710803, 1,
march29,1139, 710405, 1,
march29,1139, 710306, 3,
march29,1142, 710607, 1,
march29,1142, 710510, 2,
march29,1426, 710701, 1,
march29,1426, 710306, 2,
march29,1428, 710701, 1,
march29,1428, 710405, 1,
march29,1428, 710306, 1,
march29,1428, 710902, 4,
march29,1432, 710304, 1,
march29,1445, 710902, 1,
march29,1713, 710102, 1,
march29,1713, 710403, 1,
march29,1713, 710306, 2,
march29,1713, 710902, 1,
march29,1713, 710711, 3,
march29,1795, 710403, 1,
march29,1795, 710902, 2,
march29,1797, 710304, 1,
march29,1797, 710707, 1,
march29,1800, 710607, 1,
march29,1800, 710711, 1,
march29,1802, 710701, 1,
march29,1802, 710304, 1,
march29,1802, 710607, 2,
march29,1804, 710306, 1,
march29,1804, 710902, 2,
march29,1804, 710607, 7,
march29,1806, 710306, 1,
march29,1806, 710707, 1,
march29,1808, 710403, 1,
march29,1808, 710304, 1,
march29,1808, 710902, 1,
march29,1811, 710405, 1,
march29,1811, 710904, 1,
march29,1818, 710102, 1,
march29,1818, 710701, 1,
march29,1818, 710403, 2,
march29,1818, 710304, 1,
march29,1818, 710803, 2,
march29,1818, 710306, 1,
march29,1818, 710607, 1,
march29,1820, 710304, 7,
march29,1820, 710405, 1,
march29,1820, 710902, 3,
march29,1820, 710510, 1,
march29,1823, 660511, 1,
march29,1823, 710304, 1,
march29,1824, 710510, 1,
march29,1824, 710711, 1,
march29,1830, 710711, 1,
march29,1835, 710510, 1,
march29,1840, 710304, 1,
march29,1840, 710803, 2,
march29,1840, 710306, 6,
march29,1840, 710607, 1,
march29,1840, 710904, 2,
march29,1848, 710707, 1,
march29,1850, 710304, 1,
march29,1850, 710803, 1,
march29,1850, 710607, 2,
march29,1850, 710510, 1,
march29,1853, 710904, 1,
march29,1853, 710510, 1,
march29,1857, 710306, 1,
march29,1892, 710707, 1,
march29,1892, 710510, 1,
march29,1893, 710102, 3,
march29,1893, 710403, 1,
march29,1893, 710304, 2,
march29,1893, 710803, 3,
march29,1893, 710405, 3,
march29,1893, 710306, 3,
march29,1893, 710902, 1,
march29,1893, 710607, 2,
march29,1893, 710707, 3,
march29,1893, 710510, 1,
march29,1893, 710711, 3,
march29,1893, 660511, 3,
march29,1896, 710902, 1,
march29,1900, 710701, 1,
march29,1900, 710405, 1,
march29,1900, 710510, 1,
march29,2191, 710803, 1,
march29,2367, 710803, 1,
march29,2469, 710102, 2,
march29,2472, 710701, 2,
march29,2472, 710801, 1,
march29,2643, 710306, 1,
march29,2667, 710405, 1,
march29,2667, 710607, 1,
march29,2667, 710707, 1,
march29,2667, 710711, 1,
march29,2704, 710102, 4,
march29,2704, 710403, 3,
march29,2704, 710803, 2,
march29,2704, 710405, 5,
march29,2704, 710306, 11,
march29,2704, 710902, 6,
march29,2704, 710607, 4,
march29,2704, 710707, 3,
march29,2704, 710904, 18,
march29,2704, 710510, 5,
march29,2704, 710711, 10,
march29,2704, 660511, 1,
march29,2726, 710102, 1,
march29,2726, 710707, 1,
march29,2728, 710803, 1,
march29,2728, 710707, 1,
march29,2728, 710711, 1,
march29,2733, 710902, 1,
march29,2733, 710607, 1,
march30,1006, 710701, 1,
march30,1006, 710403, 1,
march30,1006, 710304, 3,
march30,1045, 710701, 1,
march30,1045, 710304, 1,
march30,1045, 710306, 1,
march30,1089, 710701, 2,
march30,1098, 710403, 1,
march30,1098, 710304, 1,
march30,1142, 710306, 1,
march30,1142, 710902, 3,
march30,1426, 710304, 1,
march30,1426, 710405, 2,
march30,1426, 710306, 2,
march30,1428, 710405, 9,
march30,1428, 710306, 2,
march30,1432, 710102, 1,
march30,1447, 710304, 1,
march30,1451, 710904, 1,
march30,1713, 710102, 1,
march30,1713, 710306, 2,
march30,1713, 710902, 2,
march30,1713, 710607, 1,
march30,1713, 710510, 1,
march30,1713, 710711, 3,
march30,1795, 710701, 1,
march30,1795, 710304, 1,
march30,1795, 710405, 1,
march30,1795, 710510, 1,
march30,1797, 710701, 3,
march30,1797, 710405, 2,
march30,1802, 710607, 4,
march30,1802, , 1,
march30,1804, 710403, 1,
march30,1804, 710304, 1,
march30,1804, 710902, 1,
march30,1804, 710904, 2,
march30,1806, 710701, 1,
march30,1806, 710306, 6,
march30,1806, 710510, 1,
march30,1808, 710405, 1,
march30,1811, 710102, 1,
march30,1811, 710403, 1,
march30,1811, 710306, 1,
march30,1811, 710607, 1,
march30,1818, 710701, 1,
march30,1818, 710405, 1,
march30,1818, 710306, 1,
march30,1818, 710607, 1,
march30,1818, 710711, 4,
march30,1820, 710405, 3,
march30,1823, 660511, 2,
march30,1835, 710510, 1,
march30,1836, 710304, 1,
march30,1840, 710304, 2,
march30,1840, 710306, 2,
march30,1840, 710902, 1,
march30,1840, 710607, 1,
march30,1840, 710904, 1,
march30,1847, 710904, 1,
march30,1850, 710304, 1,
march30,1850, 710902, 2,
march30,1853, 710405, 1,
march30,1853, 710306, 1,
march30,1853, 710904, 1,
march30,1853, 710510, 1,
march30,1857, 710405, 2,
march30,1857, 710902, 2,
march30,1857, 710607, 1,
march30,1892, 710403, 1,
march30,1892, 710304, 1,
march30,1892, 710306, 1,
march30,1893, 710102, 1,
march30,1893, 710403, 6,
march30,1893, 710304, 3,
march30,1893, 710405, 3,
march30,1893, 710306, 1,
march30,1893, 710902, 7,
march30,1893, 710607, 1,
march30,1893, 710904, 1,
march30,1893, 710711, 7,
march30,1896, 710904, 1,
march30,1900, 710403, 1,
march30,2367, 710701, 2,
march30,2471, 710405, 1,
march30,2472, 710701, 2,
march30,2643, 710405, 2,
march30,2667, 710701, 2,
march30,2667, 710403, 1,
march30,2667, 710405, 1,
march30,2667, 710306, 1,
march30,2667, 710902, 1,
march30,2667, 710607, 1,
march30,2667, 710904, 2,
march30,2667, 710711, 1,
march30,2704, 710102, 7,
march30,2704, 710403, 15,
march30,2704, 710304, 13,
march30,2704, 710405, 6,
march30,2704, 710306, 11,
march30,2704, 710902, 6,
march30,2704, 710607, 7,
march30,2704, 710904, 7,
march30,2704, 710510, 9,
march30,2704, 710711, 3,
march30,2704, 660511, 2,
march30,2726, 710403, 4,
march30,2726, 710607, 1,
march30,2728, 710405, 1,
march30,2728, 710711, 3,
march30,2733, 710607, 1,
march30,2733, , 5,
march30,2733, 710510, 1,
march31,1006, 710306, 2,
march31,1006, , 3,
march31,1081, , 1,
march31,1083, 710701, 1,
march31,1087, , 4,
march31,1089, 710701, 1,
march31,1089, , 2,
march31,1098, 710701, 1,
march31,1098, 710801, 1,
march31,1098, 710803, 1,
march31,1098, , 1,
march31,1142, 710306, 2,
march31,1426, 710803, 1,
march31,1428, 710607, 1,
march31,1436, 710803, 1,
march31,1436, , 1,
march31,1447, , 2,
march31,1713, 710801, 1,
march31,1713, , 2,
march31,1713, 710707, 1,
march31,1795, 710801, 1,
march31,1795, 710803, 2,
march31,1797, 710801, 1,
march31,1800, 710803, 1,
march31,1802, 710803, 1,
march31,1804, 710801, 4,
march31,1806, 710801, 2,
march31,1806, 710803, 1,
march31,1811, 710701, 1,
march31,1811, 710801, 1,
march31,1818, 710803, 1,
march31,1820, 710306, 1,
march31,1824, 710607, 21,
march31,1835, 710801, 1,
march31,1840, 710803, 4,
march31,1840, 710306, 2,
march31,1840, 710607, 3,
march31,1850, 710306, 1,
march31,1850, 710607, 1,
march31,1857, 710607, 6,
march31,1892, 710707, 2,
march31,1893, 710801, 2,
march31,1893, 710803, 1,
march31,1896, 710803, 1,
march31,2211, 710803, 2,
march31,2367, 710803, 3,
march31,2383, 710306, 1,
march31,2667, 710801, 1,
march31,2667, 710707, 1,
march31,2704, 710803, 10,
march31,2704, 710306, 7,
march31,2704, 710707, 6,
march31,2726, 710801, 1,
march31,2728, 710801, 2,
march31,2728, 710803, 1,
march31,2728, 710707, 3,
april1,1006, 710801, 1,
april1,1006, 710405, 1,
april1,1006, 710902, 1,
april1,1006, 710510, 1,
april1,1045, 710801, 1,
april1,1045, 710405, 2,
april1,1045, 710306, 3,
april1,1081, 710102, 1,
april1,1081, 710304, 1,
april1,1083, 710304, 3,
april1,1087, 710803, 1,
april1,1098, 710306, 1,
april1,1139, 710801, 1,
april1,1139, 710304, 1,
april1,1139, 710803, 1,
april1,1139, 710306, 1,
april1,1142, 710102, 1,
april1,1426, 710306, 1,
april1,1428, 710405, 1,
april1,1428, 710902, 2,
april1,1430, 710304, 1,
april1,1430, 710902, 1,
april1,1447, 710304, 1,
april1,1447, 710902, 2,
april1,1713, 710102, 2,
april1,1713, 710304, 1,
april1,1713, 710405, 1,
april1,1713, 710306, 4,
april1,1795, 710403, 3,
april1,1795, 710304, 1,
april1,1795, 710306, 1,
april1,1795, 710510, 1,
april1,1800, 710801, 3,
april1,1802, 710306, 2,
april1,1802, 710902, 1,
april1,1802, 710607, 1,
april1,1802, 710904, 1,
april1,1802, 710510, 1,
april1,1804, 710102, 1,
april1,1804, 710801, 1,
april1,1804, 710304, 1,
april1,1804, 710902, 4,
april1,1804, 710904, 1,
april1,1806, 710904, 1,
april1,1808, 710304, 1,
april1,1808, 710803, 1,
april1,1811, 710902, 1,
april1,1811, 710607, 1,
april1,1818, 710102, 1,
april1,1818, 710902, 1,
april1,1818, 710607, 2,
april1,1818, 710904, 2,
april1,1818, 710510, 6,
april1,1820, 710405, 1,
april1,1820, 710607, 1,
april1,1823, 710607, 3,
april1,1828, 710902, 1,
april1,1828, 710904, 2,
april1,1840, 710803, 6,
april1,1840, 710902, 1,
april1,1843, 710607, 7,
april1,1848, 710510, 2,
april1,1850, 710405, 1,
april1,1853, 710102, 1,
april1,1857, 710902, 9,
april1,1892, 710801, 3,
april1,1892, 710403, 1,
april1,1892, 710405, 1,
april1,1892, 710306, 1,
april1,1892, 710904, 1,
april1,1892, 710510, 1,
april1,1893, 710102, 4,
april1,1893, 710801, 5,
april1,1893, 710403, 3,
april1,1893, 710803, 2,
april1,1893, 710405, 2,
april1,1893, 710306, 1,
april1,1893, 710902, 1,
april1,1893, 710607, 2,
april1,1893, 710510, 1,
april1,1896, 710403, 1,
april1,1896, 710304, 1,
april1,1896, 710803, 1,
april1,1896, 710902, 1,
april1,1900, 710801, 1,
april1,1900, 710403, 1,
april1,1900, 710306, 2,
april1,1900, 710607, 1,
april1,2367, 710306, 1,
april1,2367, 710904, 1,
april1,2383, 710102, 1,
april1,2471, 710801, 1,
april1,2471, 710304, 1,
april1,2643, 710405, 1,
april1,2667, 710403, 1,
april1,2667, 710304, 2,
april1,2667, 710803, 2,
april1,2667, 710405, 1,
april1,2667, 710306, 1,
april1,2667, 710902, 1,
april1,2667, 710904, 2,
april1,2667, 710510, 3,
april1,2667, 660511, 3,
april1,2704, 710403, 7,
april1,2704, 710304, 3,
april1,2704, 710405, 6,
april1,2704, 710306, 8,
april1,2704, 710902, 11,
april1,2704, 710607, 12,
april1,2704, 710904, 8,
april1,2704, 710510, 10,
april1,2704, 660511, 10,
april1,2726, 710801, 1,
april1,2726, 710304, 2,
april1,2728, 710403, 2,
april1,2728, 710607, 1,
april1,2728, 710510, 1,
april1,2733, 710102, 1,
april1,2733, 710304, 1,
april4,1045, 710403, 1,
april4,1081, 710304, 1,
april4,1083, 710102, 2,
april4,1083, 710403, 1,
april4,1139, 710403, 1,
april4,1139, 710510, 2,
april4,1142, 710304, 1,
april4,1142, 710405, 1,
april4,1434, 710405, 1,
april4,1445, 710306, 1,
april4,1445, 710904, 1,
april4,1447, 710405, 1,
april4,1713, 710102, 1,
april4,1713, 710405, 2,
april4,1713, 710902, 1,
april4,1713, 710607, 2,
april4,1795, , 1,
april4,1795, 710306, 1,
april4,1800, 710405, 1,
april4,1802, , 4,
april4,1802, 710405, 1,
april4,1804, 710403, 4,
april4,1804, 710904, 2,
april4,1804, 710510, 2,
april4,1806, 710902, 1,
april4,1808, 710902, 1,
april4,1811, 710405, 2,
april4,1818, , 5,
april4,1818, 710304, 1,
april4,1818, 710306, 1,
april4,1818, 710902, 1,
april4,1818, 710510, 8,
april4,1820, , 2,
april4,1820, 710403, 2,
april4,1820, 710510, 2,
april4,1823, , 3,
april4,1823, 710510, 3,
april4,1824, 710403, 1,
april4,1824, 710510, 2,
april4,1825, 710304, 1,
april4,1825, 710510, 1,
april4,1828, 710510, 1,
april4,1830, , 3,
april4,1830, 710902, 1,
april4,1830, 710510, 1,
april4,1835, , 8,
april4,1836, , 1,
april4,1840, 710304, 2,
april4,1840, 710306, 5,
april4,1840, 710902, 4,
april4,1840, 710904, 6,
april4,1848, 710904, 2,
april4,1850, , 1,
april4,1850, 710607, 2,
april4,1853, 710306, 2,
april4,1853, 710902, 1,
april4,1853, 710904, 3,
april4,1857, 710403, 3,
april4,1857, 710306, 1,
april4,1892, , 1,
april4,1892, 710403, 1,
april4,1892, 710405, 2,
april4,1892, 710306, 1,
april4,1892, 710902, 2,
april4,1892, 710904, 1,
april4,1893, 710102, 1,
april4,1893, 710403, 3,
april4,1893, 710304, 2,
april4,1893, 710405, 1,
april4,1893, 710306, 2,
april4,1893, 710902, 6,
april4,1893, 710607, 2,
april4,1893, 710904, 2,
april4,1893, 710510, 4,
april4,1896, , 1,
april4,1900, , 2,
april4,1900, 710403, 1,
april4,1900, 710904, 2,
april4,1900, 710510, 1,
april4,2211, 710405, 1,
april4,2367, 710405, 1,
april4,2367, 710607, 2,
april4,2383, , 4,
april4,2383, 710405, 1,
april4,2383, 710306, 1,
april4,2469, 710304, 1,
april4,2472, 710403, 1,
april4,2667, 710403, 2,
april4,2667, 710405, 1,
april4,2667, 710306, 5,
april4,2667, 710607, 1,
april4,2667, 710904, 1,
april4,2704, 710102, 3,
april4,2704, , 11,
april4,2704, 710403, 9,
april4,2704, 710304, 8,
april4,2704, 710405, 5,
april4,2704, 710306, 7,
april4,2704, 710902, 6,
april4,2704, 710607, 9,
april4,2704, 710904, 13,
april4,2704, 710510, 2,
april4,2704, 660511, 5,
april4,2722, 710510, 1,
april4,2726, 710902, 4,
april4,2728, 710306, 1,
april4,2733, 710102, 1,
april4,2733, 710304, 1,
april4,2733, 710510, 1,
april5,1006, 710701, 1,
april5,1006, 710801, 1,
april5,1006, 710403, 2,
april5,1006, 710405, 1,
april5,1006, 710306, 1,
april5,1045, 710701, 1,
april5,1045, 710801, 1,
april5,1045, 710403, 1,
april5,1045, 710304, 2,
april5,1045, 710306, 1,
april5,1081, 710403, 1,
april5,1081, 710304, 1,
april5,1083, 710801, 1,
april5,1083, 710403, 3,
april5,1083, 710902, 2,
april5,1083, 710707, 1,
april5,1087, 710607, 1,
april5,1098, 710801, 1,
april5,1136, 710403, 1,
april5,1136, 710405, 1,
april5,1139, 710902, 1,
april5,1139, 710904, 1,
april5,1142, 710803, 1,
april5,1142, 710405, 2,
april5,1142, 710707, 2,
april5,1426, 710902, 1,
april5,1426, 710607, 1,
april5,1434, 710801, 1,
april5,1443, 710405, 1,
april5,1443, 710902, 1,
april5,1445, 710803, 1,
april5,1447, 710405, 2,
april5,1451, 710902, 1,
april5,1713, 710102, 1,
april5,1713, 710403, 7,
april5,1713, 710607, 1,
april5,1713, 710510, 1,
april5,1713, 710711, 1,
april5,1713, 660511, 1,
april5,1795, 710403, 1,
april5,1795, 710803, 1,
april5,1795, 710902, 2,
april5,1795, 710510, 1,
april5,1795, 710711, 1,
april5,1797, 710803, 2,
april5,1797, 710306, 1,
april5,1797, 710904, 1,
april5,1800, 710405, 3,
april5,1800, 710904, 1,
april5,1802, 710801, 1,
april5,1802, 710405, 1,
april5,1804, 710701, 2,
april5,1804, 710801, 1,
april5,1804, 710304, 1,
april5,1804, 710803, 1,
april5,1804, 710902, 2,
april5,1806, 710801, 1,
april5,1806, 710803, 1,
april5,1806, 710306, 1,
april5,1806, 710902, 1,
april5,1806, 710607, 1,
april5,1806, 710510, 1,
april5,1811, 710701, 1,
april5,1811, 710801, 1,
april5,1811, 710304, 2,
april5,1811, 710803, 1,
april5,1811, 710405, 1,
april5,1811, 710902, 2,
april5,1811, 710607, 1,
april5,1811, 710707, 1,
april5,1818, 710403, 1,
april5,1818, 710304, 1,
april5,1818, 710803, 1,
april5,1818, 710607, 2,
april5,1818, 710904, 4,
april5,1818, 710510, 2,
april5,1818, 710711, 1,
april5,1820, 710803, 1,
april5,1820, 710607, 1,
april5,1820, 710707, 1,
april5,1820, 710510, 1,
april5,1823, 710607, 1,
april5,1825, 710801, 1,
april5,1825, 710707, 1,
april5,1828, 710405, 1,
april5,1830, 710405, 1,
april5,1835, 710801, 1,
april5,1835, 710607, 1,
april5,1835, 710510, 1,
april5,1840, 710701, 1,
april5,1840, 710304, 2,
april5,1840, 710405, 2,
april5,1840, 710306, 3,
april5,1840, 710707, 2,
april5,1840, 710904, 3,
april5,1840, 710510, 1,
april5,1845, 710102, 1,
april5,1847, 710403, 1,
april5,1848, 710801, 1,
april5,1848, 710403, 1,
april5,1848, 710803, 1,
april5,1850, 710304, 1,
april5,1850, 710902, 1,
april5,1850, 710904, 3,
april5,1853, 710701, 3,
april5,1853, 710707, 1,
april5,1853, 710904, 1,
april5,1853, 710711, 1,
april5,1857, 710510, 1,
april5,1892, 710801, 3,
april5,1892, 710711, 1,
april5,1893, 710102, 1,
april5,1893, 710701, 1,
april5,1893, 710304, 1,
april5,1893, 710803, 3,
april5,1893, 710405, 1,
april5,1893, 710306, 4,
april5,1893, 710607, 1,
april5,1893, 710707, 1,
april5,1893, 710510, 1,
april5,1893, 710711, 2,
april5,1893, 660511, 2,
april5,1896, 710904, 2,
april5,1900, 710304, 1,
april5,1900, 710803, 1,
april5,1900, 710711, 1,
april5,2367, 710403, 1,
april5,2367, 710607, 1,
april5,2383, 710304, 1,
april5,2383, 710902, 1,
april5,2410, 710405, 2,
april5,2471, 710801, 1,
april5,2471, 710403, 1,
april5,2628, 710902, 1,
april5,2643, 710403, 1,
april5,2643, 710803, 3,
april5,2667, 710801, 1,
april5,2667, 710405, 2,
april5,2667, 710306, 1,
april5,2667, 710902, 1,
april5,2667, 710607, 1,
april5,2667, 710904, 2,
april5,2667, 710510, 2,
april5,2667, 710711, 2,
april5,2667, 660511, 5,
april5,2704, 710102, 2,
april5,2704, 710801, 6,
april5,2704, 710403, 4,
april5,2704, 710304, 3,
april5,2704, 710803, 8,
april5,2704, 710405, 3,
april5,2704, 710306, 6,
april5,2704, 710902, 11,
april5,2704, 710607, 6,
april5,2704, 710707, 16,
april5,2704, 710904, 9,
april5,2704, 710510, 8,
april5,2704, 710711, 2,
april5,2704, 660511, 7,
april5,2726, 710102, 1,
april5,2726, 710306, 1,
april5,2726, 710607, 1,
april5,2726, 710904, 1,
april5,2728, 710801, 1,
april5,2728, 710403, 2,
april5,2728, 710405, 2,
april5,2728, 710902, 1,
april5,2733, 710102, 1,
april5,2733, 710711, 2,
april6,1006, 660511, 2,
april6,1006, 710403, 1,
april6,1006, 710711, 1,
april6,1045, 710403, 1,
april6,1045, 710405, 1,
april6,1081, 710403, 2,
april6,1083, 710701, 1,
april6,1083, 710801, 1,
april6,1087, 710701, 1,
april6,1089, 710801, 1,
april6,1098, 710801, 1,
april6,1098, 710707, 2,
april6,1139, 710801, 1,
april6,1139, 710403, 1,
april6,1139, 710803, 1,
april6,1142, 710701, 2,
april6,1142, 710801, 1,
april6,1142, 710405, 1,
april6,1426, 710701, 1,
april6,1430, 710403, 2,
april6,1436, 710711, 1,
april6,1449, 710801, 1,
april6,1713, 710102, 1,
april6,1713, 710403, 1,
april6,1713, 710803, 2,
april6,1713, 710607, 1,
april6,1713, 710904, 6,
april6,1713, 710711, 2,
april6,1795, 710405, 2,
april6,1797, 710902, 1,
april6,1800, 710607, 9,
april6,1800, 710707, 2,
april6,1802, 710510, 1,
april6,1802, 710711, 1,
april6,1804, 710801, 3,
april6,1804, 710403, 1,
april6,1804, 710803, 1,
april6,1804, 710707, 1,
april6,1804, 710510, 1,
april6,1804, 660511, 1,
april6,1806, 710801, 1,
april6,1806, 710803, 2,
april6,1806, 710902, 1,
april6,1811, 710801, 2,
april6,1811, 710803, 1,
april6,1811, 710707, 2,
april6,1818, 710902, 1,
april6,1818, 710510, 4,
april6,1818, 660511, 1,
april6,1820, 710701, 1,
april6,1823, 660511, 1,
april6,1823, 710902, 1,
april6,1825, 710904, 1,
april6,1830, 710904, 1,
april6,1835, 710803, 1,
april6,1835, 710510, 1,
april6,1840, 710801, 1,
april6,1840, 710902, 2,
april6,1840, 710904, 1,
april6,1848, 710403, 3,
april6,1850, 710803, 1,
april6,1853, 710904, 1,
april6,1853, 710711, 1,
april6,1855, 710707, 1,
april6,1857, 710510, 2,
april6,1859, 710711, 1,
april6,1892, 710607, 1,
april6,1892, 710707, 2,
april6,1892, 710510, 1,
april6,1892, 710711, 2,
april6,1893, 710102, 1,
april6,1893, 710701, 2,
april6,1893, 710801, 2,
april6,1893, 710803, 1,
april6,1893, 710405, 1,
april6,1893, 710607, 1,
april6,1893, 710707, 1,
april6,1893, 710510, 1,
april6,1893, 660511, 3,
april6,1896, 710711, 1,
april6,1900, 710403, 1,
april6,1900, 710803, 1,
april6,1900, 710902, 2,
april6,1900, 710707, 1,
april6,1900, 710711, 1,
april6,2367, 710403, 1,
april6,2383, 710902, 1,
april6,2620, 710902, 1,
april6,2667, 710801, 1,
april6,2667, 710403, 1,
april6,2667, 710405, 1,
april6,2667, 710607, 1,
april6,2667, 710510, 2,
april6,2667, 710711, 1,
april6,2704, 710102, 1,
april6,2704, 710801, 20,
april6,2704, 710403, 4,
april6,2704, 710803, 7,
april6,2704, 710405, 1,
april6,2704, 710902, 12,
april6,2704, 710607, 5,
april6,2704, 710707, 7,
april6,2704, 710904, 12,
april6,2704, 710510, 7,
april6,2704, 710711, 9,
april6,2704, 660511, 6,
april6,2726, 710701, 2,
april6,2726, 710902, 1,
april6,2728, 710902, 1,
april6,2728, 710707, 2,
april6,2728, 710510, 2,
april6,2733, 710102, 1,
april6,2733, 710711, 1,
april7,1006, 710801, 1,
april7,1006, 710403, 3,
april7,1006, 710304, 2,
april7,1006, 710607, 1,
april7,1006, 710711, 1,
april7,1045, 710102, 1,
april7,1045, 710701, 1,
april7,1045, 710801, 1,
april7,1045, 710607, 3,
april7,1081, 710403, 1,
april7,1081, 710304, 2,
april7,1083, 710801, 2,
april7,1083, 710403, 1,
april7,1083, 710904, 1,
april7,1087, 710102, 3,
april7,1089, 710102, 1,
april7,1089, 710701, 1,
april7,1098, 710405, 1,
april7,1098, 710607, 1,
april7,1139, 710304, 1,
april7,1139, 710803, 1,
april7,1139, 710405, 1,
april7,1139, 710707, 1,
april7,1142, 710701, 1,
april7,1142, 710803, 1,
april7,1142, 710607, 3,
april7,1434, 710803, 1,
april7,1449, 710801, 2,
april7,1449, 710607, 1,
april7,1449, 710707, 1,
april7,1713, 710102, 2,
april7,1713, 710304, 2,
april7,1713, 710607, 1,
april7,1713, 710707, 2,
april7,1713, 710711, 2,
april7,1795, 710304, 2,
april7,1795, 710607, 1,
april7,1800, 710801, 1,
april7,1804, 710801, 1,
april7,1804, 710803, 1,
april7,1804, 660511, 1,
april7,1806, 710102, 1,
april7,1806, 710801, 2,
april7,1806, 710803, 1,
april7,1806, 710405, 1,
april7,1806, 710607, 4,
april7,1808, 710801, 1,
april7,1808, 710403, 1,
april7,1808, 710707, 1,
april7,1811, 710701, 1,
april7,1811, 710803, 1,
april7,1811, 710607, 1,
april7,1811, 710707, 1,
april7,1811, 710904, 1,
april7,1818, 710403, 2,
april7,1818, 710707, 7,
april7,1818, 710904, 1,
april7,1818, 710711, 1,
april7,1824, 660511, 1,
april7,1825, 660511, 1,
april7,1835, 710510, 1,
april7,1840, 710405, 1,
april7,1840, 710306, 3,
april7,1840, 710707, 2,
april7,1847, 710607, 1,
april7,1848, 710405, 1,
april7,1850, 660511, 1,
april7,1850, 710707, 1,
april7,1850, 710904, 2,
april7,1853, 710707, 1,
april7,1853, 710711, 1,
april7,1857, 710304, 1,
april7,1892, 710801, 2,
april7,1892, 710304, 2,
april7,1892, 710803, 1,
april7,1892, 710306, 2,
april7,1892, 710607, 1,
april7,1892, 710711, 2,
april7,1893, 710701, 2,
april7,1893, 710403, 1,
april7,1893, 710304, 4,
april7,1893, 710803, 1,
april7,1893, 710405, 2,
april7,1893, 710306, 5,
april7,1893, 710607, 2,
april7,1893, 710904, 1,
april7,1893, 710711, 4,
april7,1893, 660511, 4,
april7,1896, 710701, 1,
april7,1896, 710403, 2,
april7,1896, 710304, 2,
april7,2211, 710405, 1,
april7,2367, 710801, 1,
april7,2367, 710304, 1,
april7,2367, 710707, 1,
april7,2383, 710405, 1,
april7,2472, 710701, 1,
april7,2628, 710701, 1,
april7,2643, 710711, 2,
april7,2667, 710707, 2,
april7,2667, 710904, 1,
april7,2667, 710711, 1,
april7,2704, 710102, 7,
april7,2704, 710701, 8,
april7,2704, 710403, 3,
april7,2704, 710304, 8,
april7,2704, 710803, 5,
april7,2704, 710405, 3,
april7,2704, 710306, 8,
april7,2704, 710607, 6,
april7,2704, 710707, 10,
april7,2704, 710904, 23,
april7,2704, 710510, 13,
april7,2704, 710711, 13,
april7,2704, 660511, 3,
april7,2726, 710403, 2,
april7,2726, 710803, 1,
april7,2728, 710701, 1,
april7,2728, 710304, 1,
april7,2728, 710405, 1,
april7,2728, 710707, 2,
april7,2728, 710904, 3,
april7,2728, 710711, 1,
april7,2733, 710405, 1,
april7,2733, 710711, 1,
april7,2733, 660511, 1,
april8,1006, 710102, 2,
april8,1006, 710405, 1,
april8,1006, 710306, 1,
april8,1006, 710902, 3,
april8,1006, 710711, 1,
april8,1045, 710801, 2,
april8,1045, 710902, 1,
april8,1081, 710707, 1,
april8,1083, 710701, 1,
april8,1087, 710801, 1,
april8,1087, 710607, 1,
april8,1089, 710701, 2,
april8,1098, 710607, 1,
april8,1139, 710803, 1,
april8,1139, 710405, 1,
april8,1142, 710701, 2,
april8,1142, 710803, 1,
april8,1142, 710607, 1,
april8,1142, 710707, 1,
april8,1445, 710607, 1,
april8,1447, 710102, 1,
april8,1447, 710902, 1,
april8,1713, 710102, 2,
april8,1713, 710803, 1,
april8,1713, 710707, 1,
april8,1713, 710711, 2,
april8,1795, 710902, 3,
april8,1795, 710607, 3,
april8,1795, 710707, 4,
april8,1795, 710510, 3,
april8,1797, 710607, 2,
april8,1800, 710803, 1,
april8,1806, 710803, 1,
april8,1806, 710607, 1,
april8,1808, 710510, 1,
april8,1811, 710701, 1,
april8,1811, 710607, 1,
april8,1811, 710707, 1,
april8,1818, 710902, 1,
april8,1818, 710607, 1,
april8,1818, 710707, 1,
april8,1818, 710711, 1,
april8,1820, 710803, 1,
april8,1820, 710306, 1,
april8,1820, 710902, 2,
april8,1823, 710803, 1,
april8,1825, 710711, 1,
april8,1828, 710801, 1,
april8,1835, 710801, 1,
april8,1835, 710607, 1,
april8,1840, 710306, 1,
april8,1840, 710607, 1,
april8,1847, 710711, 1,
april8,1848, 710306, 1,
april8,1848, 710902, 1,
april8,1848, 710510, 1,
april8,1850, 710803, 1,
april8,1850, 710607, 2,
april8,1850, 710904, 2,
april8,1853, 710102, 1,
april8,1853, 710306, 2,
april8,1853, 710707, 2,
april8,1853, 710711, 1,
april8,1855, 710306, 1,
april8,1857, 710904, 1,
april8,1857, 710711, 1,
april8,1892, 710801, 2,
april8,1892, 710707, 1,
april8,1892, 710510, 1,
april8,1892, 710711, 2,
april8,1893, 710102, 1,
april8,1893, 710801, 2,
april8,1893, 710803, 3,
april8,1893, 710306, 1,
april8,1893, 710707, 3,
april8,1893, 710904, 2,
april8,1893, 710510, 3,
april8,1893, 710711, 3,
april8,1900, 710902, 1,
april8,2367, 710902, 1,
april8,2367, 710707, 4,
april8,2471, 710707, 1,
april8,2643, 710306, 1,
april8,2667, 710701, 1,
april8,2667, 710306, 2,
april8,2667, 710902, 3,
april8,2667, 710607, 1,
april8,2667, 710707, 1,
april8,2704, 710102, 6,
april8,2704, 710801, 10,
april8,2704, 710803, 5,
april8,2704, 710306, 29,
april8,2704, 710902, 4,
april8,2704, 710607, 5,
april8,2704, 710707, 12,
april8,2704, 710904, 14,
april8,2704, 710510, 16,
april8,2704, 710711, 5,
april8,2704, 660511, 6,
april8,2722, 710902, 1,
april8,2726, 710801, 1,
april8,2726, 710405, 2,
april8,2726, 710306, 5,
april8,2726, 710902, 2,
april8,2728, 710904, 2,
april8,2728, 710711, 1,
april8,2733, 710102, 2,
april8,2733, 660511, 1,
april11,1045, 710803, 1,
april11,1081, 710304, 1,
april11,1083, , 1,
april11,1083, 710510, 1,
april11,1089, 710701, 1,
april11,1089, 710707, 1,
april11,1098, 710304, 1,
april11,1098, 710902, 1,
april11,1098, 710707, 2,
april11,1139, 710607, 1,
april11,1142, 710102, 1,
april11,1142, 710304, 5,
april11,1142, 710405, 1,
april11,1426, 710803, 2,
april11,1426, 710306, 4,
april11,1426, 710902, 1,
april11,1428, 710803, 3,
april11,1428, 710306, 10,
april11,1428, 710902, 1,
april11,1430, 710902, 1,
april11,1432, 710405, 1,
april11,1434, , 2,
april11,1713, 710102, 1,
april11,1713, , 1,
april11,1713, 710902, 5,
april11,1713, 710707, 1,
april11,1713, 710904, 1,
april11,1713, 710510, 1,
april11,1795, 710304, 1,
april11,1795, 710803, 1,
april11,1797, 710510, 2,
april11,1802, 710304, 1,
april11,1802, 710306, 1,
april11,1802, 710902, 1,
april11,1804, , 1,
april11,1804, 710902, 3,
april11,1804, 710607, 1,
april11,1806, 710304, 1,
april11,1806, 710902, 1,
april11,1806, 710607, 1,
april11,1806, 710707, 2,
april11,1806, 710510, 1,
april11,1806, 660511, 1,
april11,1808, 710711, 1,
april11,1811, , 1,
april11,1811, 710403, 1,
april11,1811, 710607, 1,
april11,1818, 710102, 1,
april11,1818, , 1,
april11,1818, 710607, 2,
april11,1818, 710707, 3,
april11,1818, 710510, 2,
april11,1818, 710711, 1,
april11,1820, 710803, 1,
april11,1820, 710902, 3,
april11,1820, 710607, 3,
april11,1823, 710902, 1,
april11,1823, 710607, 1,
april11,1824, , 2,
april11,1824, 710405, 2,
april11,1825, 710405, 2,
april11,1828, , 1,
april11,1832, , 3,
april11,1835, , 5,
april11,1835, 710510, 2,
april11,1836, , 1,
april11,1840, , 2,
april11,1840, 710803, 4,
april11,1840, 710405, 1,
april11,1840, 710306, 4,
april11,1840, 710902, 1,
april11,1840, 710707, 1,
april11,1840, 710904, 1,
april11,1841, 710607, 1,
april11,1848, 710403, 2,
april11,1848, 710711, 1,
april11,1850, 710803, 1,
april11,1850, 710902, 2,
april11,1850, 710707, 1,
april11,1853, 710306, 1,
april11,1853, 710902, 1,
april11,1853, 710904, 1,
april11,1853, 710510, 1,
april11,1857, 710902, 11,
april11,1857, 710607, 1,
april11,1892, , 2,
april11,1892, 710306, 3,
april11,1892, 710607, 1,
april11,1892, 710904, 4,
april11,1892, 710711, 2,
april11,1893, 710102, 2,
april11,1893, , 3,
april11,1893, 710304, 2,
april11,1893, 710803, 1,
april11,1893, 710405, 1,
april11,1893, 710306, 1,
april11,1893, 710902, 1,
april11,1893, 710607, 1,
april11,1893, 710904, 1,
april11,1893, 710510, 1,
april11,1893, 710711, 1,
april11,1900, 710304, 1,
april11,2367, , 1,
april11,2367, 710803, 2,
april11,2367, 710306, 1,
april11,2367, 710902, 1,
april11,2410, 710304, 6,
april11,2471, 710405, 1,
april11,2643, 710304, 1,
april11,2667, 710405, 1,
april11,2667, 710607, 1,
april11,2667, 710707, 1,
april11,2667, 710904, 1,
april11,2667, 710510, 2,
april11,2667, 710711, 2,
april11,2704, 710403, 4,
april11,2704, 710803, 11,
april11,2704, 710405, 15,
april11,2704, 710306, 3,
april11,2704, 710902, 4,
april11,2704, 710607, 3,
april11,2704, 710707, 14,
april11,2704, 710904, 9,
april11,2704, 710510, 5,
april11,2704, 710711, 9,
april11,2704, 660511, 4,
april11,2722, , 1,
april11,2722, 710403, 2,
april11,2722, 710405, 1,
april11,2722, 710904, 1,
april11,2728, , 1,
april11,2728, 710510, 1,
april11,2733, 710607, 1,
april11,2733, 660511, 1,
april12,1006, 710403, 1,
april12,1006, 710304, 2,
april12,1083, 710801, 2,
april12,1083, 710403, 4,
april12,1087, 710904, 1,
april12,1089, 710801, 1,
april12,1089, 710304, 1,
april12,1098, 710306, 1,
april12,1098, 710607, 2,
april12,1139, 710803, 1,
april12,1139, 710306, 1,
april12,1139, 710607, 3,
april12,1142, 710803, 1,
april12,1142, 710405, 1,
april12,1142, 710707, 1,
april12,1426, 710306, 2,
april12,1426, 710902, 1,
april12,1426, 710904, 1,
april12,1428, 710306, 6,
april12,1428, 710902, 2,
april12,1434, 710707, 1,
april12,1445, 710405, 1,
april12,1445, 710902, 1,
april12,1447, 710304, 1,
april12,1713, 710102, 1,
april12,1713, 710403, 1,
april12,1713, 710306, 4,
april12,1713, 710902, 1,
april12,1713, 710904, 1,
april12,1795, 710703, 2,
april12,1795, 710801, 2,
april12,1795, 710902, 4,
april12,1795, 710707, 1,
april12,1800, 710801, 1,
april12,1802, 710405, 1,
april12,1804, 710304, 1,
april12,1804, 710607, 2,
april12,1806, 710801, 1,
april12,1806, 710803, 2,
april12,1806, 710405, 1,
april12,1806, 710607, 2,
april12,1808, 710803, 1,
april12,1811, 710304, 2,
april12,1811, 710607, 1,
april12,1818, 710403, 1,
april12,1818, 710405, 2,
april12,1818, 710902, 2,
april12,1818, 710707, 1,
april12,1818, 710510, 1,
april12,1818, 710711, 2,
april12,1820, 710304, 8,
april12,1820, 710607, 2,
april12,1835, 710801, 3,
april12,1835, 710707, 2,
april12,1835, 710510, 1,
april12,1840, 710803, 4,
april12,1840, 710405, 1,
april12,1840, 710306, 2,
april12,1840, 710902, 1,
april12,1840, 710607, 2,
april12,1840, 710707, 2,
april12,1840, 710510, 1,
april12,1845, 710902, 1,
april12,1847, 710304, 1,
april12,1848, 710304, 1,
april12,1848, 710711, 1,
april12,1853, 710403, 2,
april12,1853, 710803, 1,
april12,1853, 710306, 1,
april12,1853, 710904, 1,
april12,1853, 710711, 1,
april12,1857, 710306, 1,
april12,1857, 710902, 3,
april12,1857, 710607, 1,
april12,1857, 710510, 1,
april12,1892, 710801, 2,
april12,1892, 710403, 1,
april12,1892, 710803, 1,
april12,1892, 710902, 3,
april12,1892, 710607, 3,
april12,1892, 710711, 2,
april12,1893, 710102, 1,
april12,1893, 710304, 2,
april12,1893, 710803, 1,
april12,1893, 710306, 1,
april12,1893, 710607, 4,
april12,1893, 710707, 2,
april12,1893, 710904, 4,
april12,1893, 710510, 1,
april12,1893, 710711, 1,
april12,1896, 710904, 2,
april12,2211, 710803, 1,
april12,2367, 710801, 1,
april12,2367, 710803, 2,
april12,2367, 710405, 1,
april12,2469, 710304, 1,
april12,2472, 710304, 1,
april12,2472, 710607, 1,
april12,2643, 710902, 1,
april12,2667, 710803, 5,
april12,2667, 710405, 3,
april12,2667, 710902, 3,
april12,2667, 710607, 2,
april12,2667, 710707, 1,
april12,2667, 710904, 1,
april12,2704, 710102, 3,
april12,2704, 710403, 1,
april12,2704, 710304, 3,
april12,2704, 710405, 5,
april12,2704, 710306, 1,
april12,2704, 710902, 6,
april12,2704, 710607, 17,
april12,2704, 710707, 9,
april12,2704, 710904, 5,
april12,2704, 710510, 8,
april12,2704, 710711, 11,
april12,2726, 710306, 1,
april12,2726, 710607, 2,
april12,2728, 710102, 1,
april12,2728, 710304, 1,
april12,2728, 710405, 1,
april12,2728, 710607, 1,
april12,2728, 710707, 1,
april12,2728, 710711, 1,
april12,2733, 710607, 2,
april13,1006, 710403, 2,
april13,1006, 710304, 5,
april13,1006, 710803, 1,
april13,1045, 710701, 2,
april13,1045, 710801, 1,
april13,1045, 710304, 2,
april13,1045, 710803, 1,
april13,1045, 710306, 1,
april13,1081, 710304, 2,
april13,1083, 710701, 1,
april13,1083, 710801, 1,
april13,1083, 710304, 1,
april13,1087, 710801, 1,
april13,1089, 710803, 1,
april13,1089, 710306, 1,
april13,1098, 710403, 1,
april13,1098, 710306, 1,
april13,1098, 710607, 1,
april13,1139, 710801, 1,
april13,1139, 710405, 2,
april13,1139, 710607, 2,
april13,1142, 710801, 1,
april13,1142, 710403, 1,
april13,1142, 710405, 2,
april13,1142, 710306, 2,
april13,1142, 710902, 2,
april13,1426, 710607, 1,
april13,1428, 710803, 1,
april13,1428, 710405, 6,
april13,1428, 710306, 1,
april13,1428, 710607, 1,
april13,1445, 710902, 1,
april13,1447, 710403, 1,
april13,1449, 710405, 1,
april13,1449, 710902, 1,
april13,1713, 710102, 1,
april13,1713, , 1,
april13,1713, 710803, 1,
april13,1713, 710405, 1,
april13,1713, 710306, 4,
april13,1713, 710902, 2,
april13,1713, 710607, 2,
april13,1713, 710711, 2,
april13,1795, 710801, 1,
april13,1795, 710403, 1,
april13,1795, 710607, 1,
april13,1797, 710902, 2,
april13,1802, 710306, 1,
april13,1802, 710607, 4,
april13,1802, 710904, 1,
april13,1804, 710801, 1,
april13,1804, 710403, 1,
april13,1804, 710306, 1,
april13,1804, 710902, 1,
april13,1804, 710607, 1,
april13,1806, 710304, 1,
april13,1806, 710803, 1,
april13,1808, 710701, 1,
april13,1808, , 2,
april13,1808, 710902, 1,
april13,1811, 710801, 1,
april13,1811, 710403, 1,
april13,1811, , 74,
april13,1818, 710403, 1,
april13,1818, 710304, 1,
april13,1818, 710306, 1,
april13,1818, 710902, 1,
april13,1818, 710904, 1,
april13,1818, 710711, 4,
april13,1820, 710405, 1,
april13,1820, 710705, 1,
april13,1820, 710902, 1,
april13,1820, 710607, 2,
april13,1828, 710607, 1,
april13,1835, 710801, 8,
april13,1835, 710803, 1,
april13,1836, 710304, 1,
april13,1840, 710304, 9,
april13,1840, 710803, 7,
april13,1840, 710705, 1,
april13,1840, 710306, 4,
april13,1840, 710607, 2,
april13,1840, 710904, 2,
april13,1848, 710701, 1,
april13,1848, 710607, 1,
april13,1848, 710904, 1,
april13,1850, 710902, 1,
april13,1850, 710904, 2,
april13,1853, 710102, 2,
april13,1853, 710711, 2,
april13,1857, 710405, 2,
april13,1857, 710306, 1,
april13,1857, 710607, 1,
april13,1892, 710701, 1,
april13,1892, 710405, 2,
april13,1892, 710306, 1,
april13,1892, 710607, 6,
april13,1892, 660511, 1,
april13,1893, 710801, 4,
april13,1893, 710403, 1,
april13,1893, 710304, 7,
april13,1893, 710803, 1,
april13,1893, 710405, 1,
april13,1893, 710306, 2,
april13,1893, 710902, 1,
april13,1893, 710607, 2,
april13,1893, 710904, 3,
april13,1893, 710711, 1,
april13,1893, 660511, 1,
april13,1896, 710801, 1,
april13,1896, , 1,
april13,1896, 710607, 2,
april13,1900, 710304, 2,
april13,1900, 710803, 2,
april13,1900, 710306, 1,
april13,2367, 710801, 1,
april13,2367, 710902, 1,
april13,2383, , 1,
april13,2383, 710902, 1,
april13,2620, , 7,
april13,2628, 710405, 2,
april13,2643, 710803, 2,
april13,2667, 710803, 1,
april13,2667, 710306, 2,
april13,2667, 710902, 1,
april13,2667, 710607, 4,
april13,2704, 710102, 5,
april13,2704, 710403, 5,
april13,2704, 710703, 6,
april13,2704, 710304, 1,
april13,2704, 710803, 10,
april13,2704, 710405, 4,
april13,2704, 710306, 10,
april13,2704, 710902, 1,
april13,2704, 710607, 4,
april13,2704, 710904, 12,
april13,2704, 710711, 8,
april13,2704, 660511, 4,
april13,2726, 710803, 2,
april13,2726, 710405, 1,
april13,2728, 710701, 1,
april13,2728, 710403, 1,
april13,2728, 710803, 1,
april13,2728, 710306, 1,
april13,2728, 710902, 2,
april13,2728, 710711, 1,
april13,2733, 710102, 1,
april13,2733, , 3,
april13,2733, 710607, 1,
april14,1006, 710701, 1,
april14,1006, 710403, 2,
april14,1006, 710405, 3,
april14,1006, 710306, 1,
april14,1006, 710510, 1,
april14,1045, 710701, 2,
april14,1047, 710701, 2,
april14,1081, 710701, 1,
april14,1081, 710304, 1,
april14,1083, 710304, 1,
april14,1083, 710803, 1,
april14,1083, 710405, 1,
april14,1089, 710801, 1,
april14,1098, 710102, 1,
april14,1098, 710801, 2,
april14,1098, 710902, 1,
april14,1139, 710403, 1,
april14,1139, 710902, 2,
april14,1142, 710304, 2,
april14,1142, 710803, 1,
april14,1426, 710405, 3,
april14,1428, 710403, 1,
april14,1428, 710405, 3,
april14,1428, 710306, 2,
april14,1428, 710902, 6,
april14,1428, 710707, 1,
april14,1430, 710403, 1,
april14,1440, 710701, 1,
april14,1449, 710801, 1,
april14,1453, 710405, 1,
april14,1713, 710102, 2,
april14,1713, 710403, 1,
april14,1713, 710306, 1,
april14,1713, 710904, 1,
april14,1713, 710510, 2,
april14,1713, 710711, 1,
april14,1795, 710403, 3,
april14,1795, 710306, 1,
april14,1797, 710403, 1,
april14,1797, 710904, 1,
april14,1800, 710304, 1,
april14,1800, 710902, 1,
april14,1802, 710102, 3,
april14,1802, 710607, 3,
april14,1802, 660511, 1,
april14,1804, 710701, 2,
april14,1804, 710801, 2,
april14,1804, 710304, 4,
april14,1804, 710607, 2,
april14,1804, 710707, 1,
april14,1804, 710904, 1,
april14,1806, 710304, 1,
april14,1806, 710803, 1,
april14,1806, 710306, 1,
april14,1806, 710902, 1,
april14,1806, 710607, 1,
april14,1806, 710510, 1,
april14,1808, 710403, 1,
april14,1808, 710306, 2,
april14,1808, 710902, 1,
april14,1811, 710701, 1,
april14,1811, 710801, 1,
april14,1811, 710304, 1,
april14,1811, 710803, 1,
april14,1818, 710304, 1,
april14,1818, 710803, 3,
april14,1818, 710902, 2,
april14,1818, 710904, 1,
april14,1818, 710510, 4,
april14,1818, 710711, 5,
april14,1820, 710405, 2,
april14,1820, 710306, 1,
april14,1820, 710902, 2,
april14,1823, 710403, 1,
april14,1823, 710902, 1,
april14,1835, 710405, 1,
april14,1835, 710510, 1,
april14,1836, 710405, 1,
april14,1840, 710801, 2,
april14,1840, 710304, 2,
april14,1840, 710803, 7,
april14,1840, 710306, 4,
april14,1840, 710902, 1,
april14,1840, 710904, 2,
april14,1848, 710510, 1,
april14,1850, 710304, 1,
april14,1850, 710902, 2,
april14,1853, 710510, 1,
april14,1857, 710306, 1,
april14,1857, 710902, 2,
april14,1892, 710801, 2,
april14,1892, 710403, 1,
april14,1892, 710803, 1,
april14,1892, 710405, 1,
april14,1892, 710607, 1,
april14,1892, 710707, 3,
april14,1892, 710904, 3,
april14,1892, 660511, 2,
april14,1893, 710801, 2,
april14,1893, 710403, 1,
april14,1893, 710304, 2,
april14,1893, 710803, 1,
april14,1893, 710405, 3,
april14,1893, 710902, 1,
april14,1893, 710607, 3,
april14,1893, 710707, 5,
april14,1893, 710711, 5,
april14,1896, 710707, 1,
april14,1900, 710801, 1,
april14,1900, 710306, 1,
april14,2211, 710403, 1,
april14,2367, 710304, 1,
april14,2367, 710405, 1,
april14,2628, 710701, 1,
april14,2628, 710405, 1,
april14,2643, 710306, 3,
april14,2667, 710102, 1,
april14,2667, 710801, 1,
april14,2667, 710304, 3,
april14,2667, 710803, 1,
april14,2667, 710405, 1,
april14,2667, 710902, 1,
april14,2667, 710707, 2,
april14,2667, 710904, 1,
april14,2667, 710510, 1,
april14,2704, 710102, 4,
april14,2704, 710801, 5,
april14,2704, 710403, 7,
april14,2704, 710304, 2,
april14,2704, 710803, 8,
april14,2704, 710405, 4,
april14,2704, 710306, 10,
april14,2704, 710902, 7,
april14,2704, 710607, 13,
april14,2704, 710707, 6,
april14,2704, 710904, 11,
april14,2704, 710510, 13,
april14,2704, 710711, 8,
april14,2704, 660511, 3,
april14,2726, 710403, 1,
april14,2726, 710405, 1,
april14,2728, 710701, 1,
april14,2728, 710403, 2,
april14,2728, 710306, 1,
april14,2728, 710711, 1,
april14,2728, 660511, 1,
april14,2733, 710102, 1,
april14,2733, 710405, 1,
april14,2733, 710904, 2,
april15,1006, 710304, 1,
april15,1006, 710405, 1,
april15,1045, 710403, 1,
april15,1045, 710304, 1,
april15,1045, 710306, 3,
april15,1081, 710304, 4,
april15,1081, 710803, 2,
april15,1083, 710403, 3,
april15,1083, 710803, 1,
april15,1083, 710405, 4,
april15,1083, 710510, 1,
april15,1087, 710801, 1,
april15,1089, 710701, 1,
april15,1089, 710304, 1,
april15,1098, 710803, 1,
april15,1139, 710803, 1,
april15,1142, 710701, 2,
april15,1142, 710403, 1,
april15,1142, 710803, 1,
april15,1426, 710306, 1,
april15,1428, 710707, 2,
april15,1434, 710902, 2,
april15,1443, 710306, 1,
april15,1445, 710304, 1,
april15,1449, 710701, 1,
april15,1713, 710102, 2,
april15,1713, 710304, 1,
april15,1713, 710405, 2,
april15,1713, 710306, 1,
april15,1713, 710902, 1,
april15,1713, 710607, 1,
april15,1713, 710707, 2,
april15,1713, 710904, 2,
april15,1795, 710306, 1,
april15,1797, 710510, 1,
april15,1800, 710306, 1,
april15,1802, 710902, 1,
april15,1802, 710707, 1,
april15,1802, 710904, 1,
april15,1804, 710803, 2,
april15,1804, 710306, 1,
april15,1804, 710607, 2,
april15,1806, 710102, 1,
april15,1806, 710801, 1,
april15,1806, 710403, 2,
april15,1806, 710405, 2,
april15,1806, 710306, 4,
april15,1808, 710902, 1,
april15,1811, 710701, 1,
april15,1811, 710801, 1,
april15,1811, 710403, 1,
april15,1811, 710803, 1,
april15,1811, 710902, 3,
april15,1818, 710801, 1,
april15,1818, 710403, 1,
april15,1818, 710803, 1,
april15,1818, 710405, 1,
april15,1818, 710306, 1,
april15,1818, 710607, 3,
april15,1818, 710510, 1,
april15,1818, 710711, 3,
april15,1820, 710405, 3,
april15,1820, 710902, 2,
april15,1823, 710902, 3,
april15,1824, 710803, 8,
april15,1824, 710510, 1,
april15,1825, 710803, 1,
april15,1828, 710803, 1,
april15,1828, 710607, 1,
april15,1832, 710304, 1,
april15,1835, 710607, 1,
april15,1840, 710803, 6,
april15,1840, 710902, 1,
april15,1845, 710607, 1,
april15,1848, 710510, 1,
april15,1850, 710403, 1,
april15,1850, 710405, 1,
april15,1850, 710306, 1,
april15,1850, 710707, 1,
april15,1853, 710102, 1,
april15,1853, 710306, 2,
april15,1853, 710902, 1,
april15,1853, 710711, 1,
april15,1859, 710405, 1,
april15,1892, 710801, 4,
april15,1892, 710304, 1,
april15,1892, 710902, 2,
april15,1892, 710607, 1,
april15,1892, 710711, 3,
april15,1893, 710102, 1,
april15,1893, 710701, 1,
april15,1893, 710801, 1,
april15,1893, 710403, 1,
april15,1893, 710304, 1,
april15,1893, 710803, 1,
april15,1893, 710405, 2,
april15,1893, 710306, 1,
april15,1893, 710607, 2,
april15,1893, 710707, 2,
april15,1893, 710904, 2,
april15,1893, 710510, 3,
april15,1893, 710711, 1,
april15,1896, 710801, 3,
april15,1896, 710403, 1,
april15,1896, 710405, 1,
april15,1896, 710707, 4,
april15,1896, 710711, 1,
april15,1900, 710306, 1,
april15,1900, 710707, 1,
april15,1900, 710711, 1,
april15,2211, 710403, 3,
april15,2367, 710403, 1,
april15,2367, 710304, 1,
april15,2367, 710306, 2,
april15,2383, 710902, 1,
april15,2471, 710701, 1,
april15,2471, 710801, 1,
april15,2620, 710607, 1,
april15,2643, 710405, 1,
april15,2667, 710801, 1,
april15,2667, 710803, 1,
april15,2667, 710902, 2,
april15,2667, 710707, 2,
april15,2667, 710904, 1,
april15,2667, 710711, 1,
april15,2704, 710102, 4,
april15,2704, 710701, 12,
april15,2704, 710403, 6,
april15,2704, 710304, 4,
april15,2704, 710803, 14,
april15,2704, 710405, 7,
april15,2704, 710306, 5,
april15,2704, 710902, 8,
april15,2704, 710607, 13,
april15,2704, 710707, 3,
april15,2704, 710904, 5,
april15,2704, 710510, 11,
april15,2704, 710711, 17,
april15,2704, 660511, 4,
april15,2726, 710803, 1,
april15,2726, 710306, 1,
april15,2726, 710607, 1,
april15,2728, 710701, 1,
april15,2728, 710607, 2,
april15,2728, 710707, 2,
april15,2728, 710904, 2,
april15,2733, 710102, 1,
april15,2733, 710803, 5,
april18,1006, 710304, 1,
april18,1006, 710803, 1,
april18,1006, 710405, 1,
april18,1006, 710902, 1,
april18,1006, 710510, 1,
april18,1045, 710701, 1,
april18,1045, 710304, 1,
april18,1045, 710803, 2,
april18,1045, 710306, 1,
april18,1081, 710701, 1,
april18,1081, 710304, 2,
april18,1083, 710701, 2,
april18,1083, 710403, 2,
april18,1087, 710607, 1,
april18,1089, 710102, 1,
april18,1089, 710701, 1,
april18,1089, 710403, 3,
april18,1098, 710902, 1,
april18,1139, 710801, 5,
april18,1142, 710701, 3,
april18,1142, 710904, 1,
april18,1142, 710510, 1,
april18,1426, 710306, 2,
april18,1428, 710405, 1,
april18,1428, 710306, 10,
april18,1428, 710902, 5,
april18,1434, 710405, 1,
april18,1445, 710902, 1,
april18,1445, 710607, 1,
april18,1449, 710102, 1,
april18,1453, 710801, 1,
april18,1453, 710403, 1,
april18,1713, 710102, 1,
april18,1713, 710304, 1,
april18,1713, 710306, 1,
april18,1713, 710904, 1,
april18,1713, 660511, 4,
april18,1795, 710403, 1,
april18,1795, 710902, 1,
april18,1795, 660511, 2,
april18,1797, 710707, 2,
april18,1800, 710803, 2,
april18,1800, 710707, 1,
april18,1800, 710904, 2,
april18,1802, 710701, 1,
april18,1802, 710405, 1,
april18,1802, 710306, 1,
april18,1802, 710902, 1,
april18,1802, 710607, 1,
april18,1804, 710701, 1,
april18,1804, 710801, 1,
april18,1804, 710403, 1,
april18,1804, 710607, 1,
april18,1804, 710707, 1,
april18,1804, 710510, 1,
april18,1806, 710701, 1,
april18,1806, 710403, 3,
april18,1806, 710304, 2,
april18,1806, 710711, 1,
april18,1808, 710306, 1,
april18,1808, 710707, 1,
april18,1811, 710102, 1,
april18,1811, 710701, 1,
april18,1811, 710306, 1,
april18,1818, 710304, 1,
april18,1818, 710405, 2,
april18,1818, 710707, 1,
april18,1818, 710711, 1,
april18,1820, 710405, 1,
april18,1820, 710707, 4,
april18,1823, 710902, 1,
april18,1824, 710403, 1,
april18,1825, 710403, 1,
april18,1830, 710902, 2,
april18,1832, 710801, 2,
april18,1832, 710510, 1,
april18,1835, 710801, 4,
april18,1840, 710304, 1,
april18,1840, 710803, 5,
april18,1840, 710306, 4,
april18,1840, 710904, 2,
april18,1853, 710102, 2,
april18,1853, 710403, 1,
april18,1853, 710707, 2,
april18,1853, 710510, 1,
april18,1857, 710902, 2,
april18,1857, 710904, 20,
april18,1892, 710607, 1,
april18,1892, 710904, 1,
april18,1892, 660511, 1,
april18,1893, 710102, 1,
april18,1893, 710701, 1,
april18,1893, 710801, 4,
april18,1893, 710403, 2,
april18,1893, 710304, 2,
april18,1893, 710803, 2,
april18,1893, 710306, 2,
april18,1893, 710902, 1,
april18,1893, 710607, 1,
april18,1893, 710707, 1,
april18,1893, 710510, 1,
april18,1893, 710711, 2,
april18,1893, 660511, 3,
april18,1900, 710304, 2,
april18,1900, 710803, 1,
april18,1900, 710405, 1,
april18,1900, 710510, 1,
april18,2191, 710403, 1,
april18,2367, 710405, 2,
april18,2367, 710306, 1,
april18,2383, 710306, 1,
april18,2383, 710902, 1,
april18,2383, 710510, 1,
april18,2410, 710403, 1,
april18,2469, 710701, 1,
april18,2472, 710701, 1,
april18,2620, 710707, 1,
april18,2643, 710306, 1,
april18,2667, 710803, 1,
april18,2667, 710405, 1,
april18,2667, 710306, 1,
april18,2667, 710902, 2,
april18,2667, 710607, 2,
april18,2667, 710707, 5,
april18,2667, 710510, 1,
april18,2667, 660511, 1,
april18,2704, 710102, 4,
april18,2704, 710801, 6,
april18,2704, 710403, 9,
april18,2704, 710803, 5,
april18,2704, 710405, 4,
april18,2704, 710306, 4,
april18,2704, 710902, 4,
april18,2704, 710607, 11,
april18,2704, 710707, 15,
april18,2704, 710904, 5,
april18,2704, 710510, 12,
april18,2704, 710711, 8,
april18,2704, 660511, 6,
april18,2722, 710306, 1,
april18,2726, 710701, 1,
april18,2726, 710801, 1,
april18,2726, 710405, 2,
april18,2726, 710607, 1,
april18,2728, 710803, 1,
april18,2728, 710306, 1,
april18,2728, 710707, 3,
april18,2733, 710102, 1,
april18,2733, 710306, 1,
april18,2733, 710607, 1,
april18,2733, 710510, 1,
april19,1006, 710403, 2,
april19,1006, 710304, 1,
april19,1006, 710711, 1,
april19,1045, 710701, 1,
april19,1045, 710306, 1,
april19,1081, 710801, 1,
april19,1081, 710403, 1,
april19,1081, 710304, 1,
april19,1083, 710306, 2,
april19,1083, 710707, 1,
april19,1089, 710102, 1,
april19,1089, 710803, 1,
april19,1098, 710801, 2,
april19,1098, 710304, 1,
april19,1098, 710803, 1,
april19,1139, 710701, 1,
april19,1139, 710306, 1,
april19,1142, 710403, 1,
april19,1142, 710803, 1,
april19,1426, 710701, 3,
april19,1428, 710306, 2,
april19,1428, 710902, 6,
april19,1428, 710707, 1,
april19,1436, 710306, 1,
april19,1449, 710803, 1,
april19,1451, 710902, 1,
april19,1713, 710102, 1,
april19,1713, 710801, 2,
april19,1713, 710304, 2,
april19,1713, 710306, 3,
april19,1713, 710902, 1,
april19,1713, 710904, 1,
april19,1713, 710510, 1,
april19,1795, 710803, 2,
april19,1802, 710801, 1,
april19,1802, 710803, 2,
april19,1802, 710306, 3,
april19,1804, 710701, 2,
april19,1804, 710707, 1,
april19,1806, 710701, 1,
april19,1806, 710304, 1,
april19,1806, 710803, 2,
april19,1806, 710405, 1,
april19,1808, 710803, 1,
april19,1808, 710707, 1,
april19,1811, 710102, 1,
april19,1811, 710403, 1,
april19,1811, 710803, 2,
april19,1818, 710403, 1,
april19,1818, 710304, 1,
april19,1818, 710803, 3,
april19,1818, 710405, 1,
april19,1820, 710102, 2,
april19,1820, 710701, 1,
april19,1820, 710304, 14,
april19,1820, 710306, 1,
april19,1823, 660511, 2,
april19,1823, 710803, 1,
april19,1825, 710510, 1,
april19,1830, 710306, 1,
april19,1830, 710707, 1,
april19,1835, 710510, 1,
april19,1840, 710304, 2,
april19,1840, 710803, 2,
april19,1840, 710306, 2,
april19,1840, 710707, 1,
april19,1840, 710904, 1,
april19,1840, 710510, 1,
april19,1848, 710707, 1,
april19,1848, 710510, 1,
april19,1850, 710405, 1,
april19,1850, 710902, 2,
april19,1853, 710102, 1,
april19,1853, 710306, 1,
april19,1853, 710510, 1,
april19,1857, 710701, 1,
april19,1857, 710902, 2,
april19,1892, 710902, 1,
april19,1892, 710707, 1,
april19,1892, 710711, 2,
april19,1893, 710801, 2,
april19,1893, 710403, 2,
april19,1893, 710304, 3,
april19,1893, 710405, 1,
april19,1893, 710902, 1,
april19,1893, 710707, 2,
april19,1893, 710904, 1,
april19,1893, 710510, 1,
april19,1893, 710711, 4,
april19,1896, 710803, 1,
april19,1896, 710405, 1,
april19,1896, 710306, 1,
april19,1896, 710902, 1,
april19,2367, 710304, 1,
april19,2367, 710707, 1,
april19,2383, 710803, 1,
april19,2383, 710902, 1,
april19,2643, 710306, 1,
april19,2667, 710403, 1,
april19,2667, 710304, 1,
april19,2667, 710405, 1,
april19,2667, 710902, 2,
april19,2667, 710707, 2,
april19,2667, 710510, 1,
april19,2704, 710102, 3,
april19,2704, 710403, 5,
april19,2704, 710803, 2,
april19,2704, 710405, 5,
april19,2704, 710306, 7,
april19,2704, 710902, 6,
april19,2704, 710707, 10,
april19,2704, 710904, 10,
april19,2704, 710510, 10,
april19,2704, 710711, 7,
april19,2726, 710102, 1,
april19,2726, 710701, 1,
april19,2726, 710405, 1,
april19,2726, 710902, 3,
april19,2728, 710801, 1,
april19,2728, 710304, 1,
april19,2728, 710707, 2,
april19,2728, 710510, 1,
april19,2728, 710711, 1,
april19,2733, 710102, 2,
april19,2733, 710902, 1,
april20,1006, 710403, 4,
april20,1006, 710304, 1,
april20,1006, 710707, 2,
april20,1006, 710510, 1,
april20,1045, 710701, 1,
april20,1045, 710306, 1,
april20,1081, 710701, 1,
april20,1083, 710607, 2,
april20,1087, 710403, 1,
april20,1089, 710701, 2,
april20,1098, 710701, 1,
april20,1098, 710403, 1,
april20,1139, 710902, 1,
april20,1139, 710607, 1,
april20,1142, 710306, 2,
april20,1142, 710904, 3,
april20,1426, 710701, 1,
april20,1428, 710405, 2,
april20,1428, 710306, 1,
april20,1445, 710707, 1,
april20,1713, 710102, 2,
april20,1713, 710405, 2,
april20,1713, 710902, 2,
april20,1713, 710607, 4,
april20,1713, 710707, 1,
april20,1713, 710904, 2,
april20,1713, 710711, 1,
april20,1795, 710403, 2,
april20,1795, 710707, 1,
april20,1797, 710403, 1,
april20,1800, 710510, 1,
april20,1802, 710304, 1,
april20,1802, 710607, 1,
april20,1804, 710701, 1,
april20,1804, 710403, 1,
april20,1804, 710902, 1,
april20,1804, 710607, 1,
april20,1804, 710707, 2,
april20,1804, 710510, 2,
april20,1804, 710711, 1,
april20,1806, , 1,
april20,1806, 710701, 1,
april20,1806, 710403, 1,
april20,1806, 710304, 1,
april20,1806, 710306, 2,
april20,1806, 710902, 2,
april20,1808, 710405, 2,
april20,1808, 710902, 1,
april20,1808, 710707, 1,
april20,1808, 710510, 1,
april20,1811, 710304, 1,
april20,1811, 710306, 1,
april20,1818, 710403, 1,
april20,1818, 710607, 1,
april20,1818, 710904, 1,
april20,1818, 710510, 4,
april20,1818, 710711, 1,
april20,1820, 710405, 3,
april20,1820, 710902, 1,
april20,1823, 710707, 1,
april20,1823, 710711, 1,
april20,1825, 710701, 1,
april20,1832, 710306, 1,
april20,1835, 710510, 1,
april20,1836, 710304, 1,
april20,1840, 710304, 6,
april20,1840, 710405, 2,
april20,1840, 710306, 1,
april20,1840, 710607, 4,
april20,1840, 710904, 1,
april20,1843, 710607, 2,
april20,1848, 710403, 2,
april20,1848, 710902, 1,
april20,1850, 710403, 1,
april20,1850, 710510, 1,
april20,1853, 710607, 1,
april20,1853, 710904, 1,
april20,1853, 710711, 1,
april20,1857, 710701, 1,
april20,1857, 710405, 8,
april20,1857, 710306, 2,
april20,1892, 710405, 1,
april20,1892, 710904, 1,
april20,1892, 710711, 3,
april20,1893, 710304, 2,
april20,1893, 710405, 2,
april20,1893, 710306, 4,
april20,1893, 710902, 1,
april20,1893, 710607, 2,
april20,1893, 710707, 1,
april20,1893, 710904, 2,
april20,1893, 710510, 1,
april20,1893, 710711, 1,
april20,1900, 710403, 2,
april20,1900, 710607, 1,
april20,2191, 710701, 1,
april20,2191, 710403, 2,
april20,2191, 710902, 1,
april20,2211, 710306, 1,
april20,2367, 710306, 1,
april20,2410, 710304, 2,
april20,2472, 710701, 4,
april20,2667, 710403, 3,
april20,2667, 710306, 4,
april20,2667, 710607, 3,
april20,2667, 710510, 1,
april20,2704, 710102, 3,
april20,2704, 710403, 8,
april20,2704, 710304, 2,
april20,2704, 710405, 5,
april20,2704, 710306, 4,
april20,2704, 710902, 9,
april20,2704, 710607, 8,
april20,2704, 710707, 7,
april20,2704, 710904, 7,
april20,2704, 710510, 8,
april20,2704, 710711, 8,
april20,2726, 710306, 2,
april20,2726, 710607, 1,
april20,2726, 710904, 1,
april20,2728, 710403, 1,
april20,2728, 710304, 1,
april20,2728, 710607, 2,
april20,2728, 710707, 1,
april20,2728, 710711, 1,
april20,2733, 710304, 1,
april21,1006, 710801, 1,
april21,1006, 710403, 1,
april21,1081, 710801, 1,
april21,1081, 710403, 1,
april21,1081, 710304, 1,
april21,1081, 710306, 1,
april21,1098, 710701, 2,
april21,1098, 710405, 2,
april21,1142, 710304, 2,
april21,1142, 710405, 1,
april21,1426, 710405, 5,
april21,1426, 710306, 2,
april21,1426, 710707, 1,
april21,1428, 710803, 1,
april21,1428, 710405, 4,
april21,1428, 710607, 1,
april21,1428, 710707, 1,
april21,1443, 710306, 1,
april21,1447, 710701, 1,
april21,1713, 710304, 1,
april21,1713, 710306, 1,
april21,1713, 710707, 1,
april21,1713, 660511, 1,
april21,1795, 710701, 1,
april21,1795, 710304, 2,
april21,1795, 710803, 1,
april21,1797, 710403, 1,
april21,1797, 710304, 1,
april21,1797, 710803, 1,
april21,1797, 710306, 1,
april21,1802, 710801, 1,
april21,1802, 710405, 1,
april21,1802, 710607, 4,
april21,1804, 710701, 1,
april21,1804, 710801, 1,
april21,1804, 710405, 2,
april21,1804, 710607, 2,
april21,1804, 710707, 1,
april21,1804, 710711, 4,
april21,1806, 710304, 1,
april21,1806, 710405, 1,
april21,1806, 710306, 1,
april21,1806, 710607, 1,
april21,1808, 710403, 1,
april21,1811, 710701, 1,
april21,1811, 710801, 3,
april21,1811, 710607, 1,
april21,1811, 710707, 3,
april21,1818, 710403, 1,
april21,1818, 710304, 2,
april21,1818, 710405, 2,
april21,1818, 710707, 1,
april21,1818, 710711, 1,
april21,1820, 710306, 1,
april21,1820, 710707, 1,
april21,1835, 710803, 1,
april21,1840, 710803, 4,
april21,1840, 710405, 2,
april21,1840, 710306, 1,
april21,1840, 710707, 3,
april21,1847, 710510, 1,
april21,1848, 710304, 2,
april21,1850, 710801, 1,
april21,1850, 710304, 1,
april21,1850, 710405, 2,
april21,1850, 710607, 3,
april21,1850, 710510, 1,
april21,1853, 710306, 2,
april21,1853, 710607, 1,
april21,1853, 710510, 1,
april21,1855, 710607, 2,
april21,1892, 710304, 1,
april21,1892, 710803, 1,
april21,1892, 710510, 2,
april21,1893, 710801, 1,
april21,1893, 710403, 1,
april21,1893, 710304, 1,
april21,1893, 710405, 1,
april21,1893, 710306, 3,
april21,1893, 710607, 27,
april21,1893, 710711, 3,
april21,1896, 710607, 1,
april21,1900, 710801, 1,
april21,1900, 710803, 1,
april21,1900, 710711, 1,
april21,2367, 710803, 1,
april21,2367, 710607, 1,
april21,2367, 710707, 1,
april21,2383, 710510, 1,
april21,2469, 710607, 4,
april21,2472, 710403, 1,
april21,2643, 710306, 2,
april21,2667, 710801, 1,
april21,2667, 710304, 1,
april21,2667, 710803, 3,
april21,2667, 710510, 1,
april21,2704, 710403, 3,
april21,2704, 710304, 4,
april21,2704, 710803, 5,
april21,2704, 710405, 5,
april21,2704, 710306, 4,
april21,2704, 710510, 20,
april21,2704, 710711, 7,
april21,2704, 660511, 8,
april21,2722, 710607, 1,
april21,2726, 710701, 1,
april21,2726, 710607, 2,
april21,2728, 710801, 2,
april21,2728, 710304, 1,
april21,2728, 710405, 1,
april21,2728, 710306, 1,
april21,2728, 710707, 1,
